Position,Name + ID,Name,ID,Roster Position,Salary,Game Info,TeamAbbrev,AvgPointsPerGame
RB,Christian McCaffrey (40058244),Christian McCaffrey,40058244,RB/FLEX,8200,ARI@SF 09/21/2025 04:25PM ET,SF,22.95
WR,Ja'Marr Chase (40058534),Ja'Marr Chase,40058534,WR/FLEX,8100,CIN@MIN 09/21/2025 01:00PM ET,CIN,22.05
WR,CeeDee Lamb (40058536),CeeDee Lamb,40058536,WR/FLEX,8000,DAL@CHI 09/21/2025 04:25PM ET,DAL,22.1
RB,Bijan Robinson (40058246),Bijan Robinson,40058246,RB/FLEX,7900,ATL@CAR 09/21/2025 01:00PM ET,ATL,25.1
RB,Saquon Barkley (40058248),Saquon Barkley,40058248,RB/FLEX,7800,LAR@PHI 09/21/2025 01:00PM ET,PHI,17.9
WR,Puka Nacua (40058538),Puka Nacua,40058538,WR/FLEX,7700,LAR@PHI 09/21/2025 01:00PM ET,LAR,26.85
WR,Justin Jefferson (40058540),Justin Jefferson,40058540,WR/FLEX,7500,CIN@MIN 09/21/2025 01:00PM ET,MIN,12.95
WR,Nico Collins (40058542),Nico Collins,40058542,WR/FLEX,7300,HOU@JAX 09/21/2025 01:00PM ET,HOU,5.5
RB,Jonathan Taylor (40058250),Jonathan Taylor,40058250,RB/FLEX,7200,IND@TEN 09/21/2025 01:00PM ET,IND,22.65
RB,Bucky Irving (40058252),Bucky Irving,40058252,RB/FLEX,7100,NYJ@TB 09/21/2025 01:00PM ET,TB,14.5
RB,Josh Jacobs (40058254),Josh Jacobs,40058254,RB/FLEX,7000,GB@CLE 09/21/2025 01:00PM ET,GB,14.2
QB,Jayden Daniels (40058154),Jayden Daniels,40058154,QB,7000,LV@WAS 09/21/2025 01:00PM ET,WAS,19.91
RB,Chase Brown (40058256),Chase Brown,40058256,RB/FLEX,6900,CIN@MIN 09/21/2025 01:00PM ET,CIN,10.8
QB,Jalen Hurts (40058155),Jalen Hurts,40058155,QB,6800,LAR@PHI 09/21/2025 01:00PM ET,PHI,17.91
WR,Ladd McConkey (40058544),Ladd McConkey,40058544,WR/FLEX,6800,DEN@LAC 09/21/2025 04:05PM ET,LAC,13.4
RB,Ashton Jeanty (40058258),Ashton Jeanty,40058258,RB/FLEX,6700,LV@WAS 09/21/2025 01:00PM ET,LV,12
QB,Baker Mayfield (40058156),Baker Mayfield,40058156,QB,6600,NYJ@TB 09/21/2025 01:00PM ET,TB,22.58
WR,Mike Evans (40058546),Mike Evans,40058546,WR/FLEX,6600,NYJ@TB 09/21/2025 01:00PM ET,TB,10.1
QB,Joe Burrow (40058157),Joe Burrow,40058157,QB,6500,CIN@MIN 09/21/2025 01:00PM ET,CIN,7.93
WR,Jaxon Smith-Njigba (40058548),Jaxon Smith-Njigba,40058548,WR/FLEX,6500,NO@SEA 09/21/2025 04:05PM ET,SEA,22.35
RB,James Conner (40058260),James Conner,40058260,RB/FLEX,6500,ARI@SF 09/21/2025 04:25PM ET,ARI,13.3
WR,Brian Thomas Jr. (40058550),Brian Thomas Jr.,40058550,WR/FLEX,6400,HOU@JAX 09/21/2025 01:00PM ET,JAX,8.95
RB,Kyren Williams (40058262),Kyren Williams,40058262,RB/FLEX,6400,LAR@PHI 09/21/2025 01:00PM ET,LAR,11.95
QB,Jordan Love (40058158),Jordan Love,40058158,QB,6300,GB@CLE 09/21/2025 01:00PM ET,GB,18.4
WR,A.J. Brown (40058552),A.J. Brown,40058552,WR/FLEX,6300,LAR@PHI 09/21/2025 01:00PM ET,PHI,4.75
WR,Emeka Egbuka (40058554),Emeka Egbuka,40058554,WR/FLEX,6300,NYJ@TB 09/21/2025 01:00PM ET,TB,23.6
RB,Alvin Kamara (40058264),Alvin Kamara,40058264,RB/FLEX,6300,NO@SEA 09/21/2025 04:05PM ET,NO,15.35
RB,Chuba Hubbard (40058266),Chuba Hubbard,40058266,RB/FLEX,6200,ATL@CAR 09/21/2025 01:00PM ET,CAR,18.3
WR,Davante Adams (40058556),Davante Adams,40058556,WR/FLEX,6200,LAR@PHI 09/21/2025 01:00PM ET,LAR,17.35
WR,Garrett Wilson (40058558),Garrett Wilson,40058558,WR/FLEX,6200,NYJ@TB 09/21/2025 01:00PM ET,NYJ,15.75
QB,Justin Herbert (40058159),Justin Herbert,40058159,QB,6200,DEN@LAC 09/21/2025 04:05PM ET,LAC,30.92
WR,Tee Higgins (40058566),Tee Higgins,40058566,WR/FLEX,6100,CIN@MIN 09/21/2025 01:00PM ET,CIN,10.45
WR,Deebo Samuel Sr. (40058560),Deebo Samuel Sr.,40058560,WR/FLEX,6100,LV@WAS 09/21/2025 01:00PM ET,WAS,20
RB,Javonte Williams (40058268),Javonte Williams,40058268,RB/FLEX,6100,DAL@CHI 09/21/2025 04:25PM ET,DAL,22.7
QB,Kyler Murray (40058160),Kyler Murray,40058160,QB,6100,ARI@SF 09/21/2025 04:25PM ET,ARI,16.66
WR,Drake London (40058564),Drake London,40058564,WR/FLEX,6000,ATL@CAR 09/21/2025 01:00PM ET,ATL,10.2
RB,Breece Hall (40058270),Breece Hall,40058270,RB/FLEX,6000,NYJ@TB 09/21/2025 01:00PM ET,NYJ,12.65
TE,Brock Bowers (40059020),Brock Bowers,40059020,TE/FLEX,6000,LV@WAS 09/21/2025 01:00PM ET,LV,18.3
WR,Courtland Sutton (40058562),Courtland Sutton,40058562,WR/FLEX,6000,DEN@LAC 09/21/2025 04:05PM ET,DEN,9.85
QB,Brock Purdy (40058161),Brock Purdy,40058161,QB,6000,ARI@SF 09/21/2025 04:25PM ET,SF,18.78
WR,Tetairoa McMillan (40058570),Tetairoa McMillan,40058570,WR/FLEX,5900,ATL@CAR 09/21/2025 01:00PM ET,CAR,15.4
RB,Travis Etienne Jr. (40058272),Travis Etienne Jr.,40058272,RB/FLEX,5900,HOU@JAX 09/21/2025 01:00PM ET,JAX,19.25
QB,Dak Prescott (40058162),Dak Prescott,40058162,QB,5900,DAL@CHI 09/21/2025 04:25PM ET,DAL,16.98
WR,George Pickens (40058568),George Pickens,40058568,WR/FLEX,5900,DAL@CHI 09/21/2025 04:25PM ET,DAL,11.9
WR,Terry McLaurin (40058572),Terry McLaurin,40058572,WR/FLEX,5800,LV@WAS 09/21/2025 01:00PM ET,WAS,7.25
QB,Bo Nix (40058163),Bo Nix,40058163,QB,5800,DEN@LAC 09/21/2025 04:05PM ET,DEN,15.54
RB,Kenneth Walker III (40058274),Kenneth Walker III,40058274,RB/FLEX,5800,NO@SEA 09/21/2025 04:05PM ET,SEA,13.6
WR,DK Metcalf (40058574),DK Metcalf,40058574,WR/FLEX,5700,PIT@NE 09/21/2025 01:00PM ET,PIT,11.65
QB,Matthew Stafford (40058164),Matthew Stafford,40058164,QB,5700,LAR@PHI 09/21/2025 01:00PM ET,LAR,15.96
RB,Tony Pollard (40058278),Tony Pollard,40058278,RB/FLEX,5700,IND@TEN 09/21/2025 01:00PM ET,TEN,9.05
RB,J.K. Dobbins (40058276),J.K. Dobbins,40058276,RB/FLEX,5700,DEN@LAC 09/21/2025 04:05PM ET,DEN,15.15
TE,Trey McBride (40059022),Trey McBride,40059022,TE/FLEX,5700,ARI@SF 09/21/2025 04:25PM ET,ARI,12.95
QB,Michael Penix Jr. (40058166),Michael Penix Jr.,40058166,QB,5600,ATL@CAR 09/21/2025 01:00PM ET,ATL,14.66
WR,Jakobi Meyers (40058578),Jakobi Meyers,40058578,WR/FLEX,5600,LV@WAS 09/21/2025 01:00PM ET,LV,17.7
RB,Omarion Hampton (40058280),Omarion Hampton,40058280,RB/FLEX,5600,DEN@LAC 09/21/2025 04:05PM ET,LAC,8.1
QB,Caleb Williams (40058165),Caleb Williams,40058165,QB,5600,DAL@CHI 09/21/2025 04:25PM ET,CHI,21.09
RB,D'Andre Swift (40058282),D'Andre Swift,40058282,RB/FLEX,5600,DAL@CHI 09/21/2025 04:25PM ET,CHI,12.2
WR,Marvin Harrison Jr. (40058576),Marvin Harrison Jr.,40058576,WR/FLEX,5600,ARI@SF 09/21/2025 04:25PM ET,ARI,11.4
QB,C.J. Stroud (40058168),C.J. Stroud,40058168,QB,5500,HOU@JAX 09/21/2025 01:00PM ET,HOU,9.72
QB,Jake Browning (40058167),Jake Browning,40058167,QB,5500,CIN@MIN 09/21/2025 01:00PM ET,CIN,20.74
RB,Jaylen Warren (40058284),Jaylen Warren,40058284,RB/FLEX,5500,PIT@NE 09/21/2025 01:00PM ET,PIT,15.65
WR,Chris Godwin Jr. (40058580),Chris Godwin Jr.,40058580,WR/FLEX,5500,NYJ@TB 09/21/2025 01:00PM ET,TB,0
RB,Jacory Croskey-Merritt (40058286),Jacory Croskey-Merritt,40058286,RB/FLEX,5500,LV@WAS 09/21/2025 01:00PM ET,WAS,7.95
WR,Ricky Pearsall (40058582),Ricky Pearsall,40058582,WR/FLEX,5500,ARI@SF 09/21/2025 04:25PM ET,SF,13.5
QB,Trevor Lawrence (40058170),Trevor Lawrence,40058170,QB,5400,HOU@JAX 09/21/2025 01:00PM ET,JAX,16.28
RB,Jordan Mason (40058288),Jordan Mason,40058288,RB/FLEX,5400,CIN@MIN 09/21/2025 01:00PM ET,MIN,7.15
RB,TreVeyon Henderson (40058290),TreVeyon Henderson,40058290,RB/FLEX,5400,PIT@NE 09/21/2025 01:00PM ET,NE,8.55
QB,Daniel Jones (40058169),Daniel Jones,40058169,QB,5400,IND@TEN 09/21/2025 01:00PM ET,IND,27.66
WR,Quentin Johnston (40058584),Quentin Johnston,40058584,WR/FLEX,5400,DEN@LAC 09/21/2025 04:05PM ET,LAC,24.9
WR,DJ Moore (40058586),DJ Moore,40058586,WR/FLEX,5400,DAL@CHI 09/21/2025 04:25PM ET,CHI,9.6
RB,Aaron Jones Sr. (40058292),Aaron Jones Sr.,40058292,RB/FLEX,5300,CIN@MIN 09/21/2025 01:00PM ET,MIN,9
QB,Drake Maye (40058171),Drake Maye,40058171,QB,5300,PIT@NE 09/21/2025 01:00PM ET,NE,21.54
RB,Rhamondre Stevenson (40058294),Rhamondre Stevenson,40058294,RB/FLEX,5300,PIT@NE 09/21/2025 01:00PM ET,NE,12.95
WR,DeVonta Smith (40058590),DeVonta Smith,40058590,WR/FLEX,5300,LAR@PHI 09/21/2025 01:00PM ET,PHI,6.95
QB,Justin Fields (40058172),Justin Fields,40058172,QB,5300,NYJ@TB 09/21/2025 01:00PM ET,NYJ,17.25
WR,Rome Odunze (40058588),Rome Odunze,40058588,WR/FLEX,5300,DAL@CHI 09/21/2025 04:25PM ET,CHI,25.25
RB,Dylan Sampson (40058298),Dylan Sampson,40058298,RB/FLEX,5200,GB@CLE 09/21/2025 01:00PM ET,CLE,14.1
WR,Jerry Jeudy (40058592),Jerry Jeudy,40058592,WR/FLEX,5200,GB@CLE 09/21/2025 01:00PM ET,CLE,10.35
RB,Nick Chubb (40058296),Nick Chubb,40058296,RB/FLEX,5200,HOU@JAX 09/21/2025 01:00PM ET,HOU,6
QB,Aaron Rodgers (40058173),Aaron Rodgers,40058173,QB,5200,PIT@NE 09/21/2025 01:00PM ET,PIT,19.04
QB,Geno Smith (40058174),Geno Smith,40058174,QB,5200,LV@WAS 09/21/2025 01:00PM ET,LV,21.48
WR,Chris Olave (40058594),Chris Olave,40058594,WR/FLEX,5200,NO@SEA 09/21/2025 04:05PM ET,NO,11.9
WR,Matthew Golden (40058598),Matthew Golden,40058598,WR/FLEX,5100,GB@CLE 09/21/2025 01:00PM ET,GB,2.55
QB,J.J. McCarthy (40058175),J.J. McCarthy,40058175,QB,5100,CIN@MIN 09/21/2025 01:00PM ET,MIN,14.52
RB,Rachaad White (40058302),Rachaad White,40058302,RB/FLEX,5100,NYJ@TB 09/21/2025 01:00PM ET,TB,2.6
WR,Calvin Ridley (40058596),Calvin Ridley,40058596,WR/FLEX,5100,IND@TEN 09/21/2025 01:00PM ET,TEN,7.7
RB,Najee Harris (40058300),Najee Harris,40058300,RB/FLEX,5100,DEN@LAC 09/21/2025 04:05PM ET,LAC,2
QB,Sam Darnold (40058176),Sam Darnold,40058176,QB,5100,NO@SEA 09/21/2025 04:05PM ET,SEA,12.1
QB,Bryce Young (40058178),Bryce Young,40058178,QB,5000,ATL@CAR 09/21/2025 01:00PM ET,CAR,18.74
RB,Quinshon Judkins (40058304),Quinshon Judkins,40058304,RB/FLEX,5000,GB@CLE 09/21/2025 01:00PM ET,CLE,10.1
RB,Braelon Allen (40058306),Braelon Allen,40058306,RB/FLEX,5000,NYJ@TB 09/21/2025 01:00PM ET,NYJ,4
WR,Cooper Kupp (40058602),Cooper Kupp,40058602,WR/FLEX,5000,NO@SEA 09/21/2025 04:05PM ET,SEA,9.75
QB,Mac Jones (40058177),Mac Jones,40058177,QB,5000,ARI@SF 09/21/2025 04:25PM ET,SF,22.76
WR,Jauan Jennings (40058600),Jauan Jennings,40058600,WR/FLEX,5000,ARI@SF 09/21/2025 04:25PM ET,SF,11.75
RB,Bhayshul Tuten (40058310),Bhayshul Tuten,40058310,RB/FLEX,4900,HOU@JAX 09/21/2025 01:00PM ET,JAX,8.25
WR,Travis Hunter (40058604),Travis Hunter,40058604,WR/FLEX,4900,HOU@JAX 09/21/2025 01:00PM ET,JAX,7.25
QB,Cam Ward (40058180),Cam Ward,40058180,QB,4900,IND@TEN 09/21/2025 01:00PM ET,TEN,7.14
WR,Michael Pittman Jr. (40058606),Michael Pittman Jr.,40058606,WR/FLEX,4900,IND@TEN 09/21/2025 01:00PM ET,IND,14
RB,Raheem Mostert (40058308),Raheem Mostert,40058308,RB/FLEX,4900,LV@WAS 09/21/2025 01:00PM ET,LV,0
QB,Spencer Rattler (40058179),Spencer Rattler,40058179,QB,4900,NO@SEA 09/21/2025 04:05PM ET,NO,16.57
QB,Joe Flacco (40058182),Joe Flacco,40058182,QB,4800,GB@CLE 09/21/2025 01:00PM ET,CLE,12.48
WR,Romeo Doubs (40058610),Romeo Doubs,40058610,WR/FLEX,4800,GB@CLE 09/21/2025 01:00PM ET,GB,10.3
WR,Stefon Diggs (40058608),Stefon Diggs,40058608,WR/FLEX,4800,PIT@NE 09/21/2025 01:00PM ET,NE,9.45
QB,Tyrod Taylor (40058181),Tyrod Taylor,40058181,QB,4800,NYJ@TB 09/21/2025 01:00PM ET,NYJ,8.34
RB,Zach Charbonnet (40058312),Zach Charbonnet,40058312,RB/FLEX,4800,NO@SEA 09/21/2025 04:05PM ET,SEA,5.85
RB,Brian Robinson Jr. (40058314),Brian Robinson Jr.,40058314,RB/FLEX,4800,ARI@SF 09/21/2025 04:25PM ET,SF,3.8
RB,Rico Dowdle (40058318),Rico Dowdle,40058318,RB/FLEX,4700,ATL@CAR 09/21/2025 01:00PM ET,CAR,3.25
RB,Tyler Allgeier (40058320),Tyler Allgeier,40058320,RB/FLEX,4700,ATL@CAR 09/21/2025 01:00PM ET,ATL,8.7
TE,Tucker Kraft (40059024),Tucker Kraft,40059024,TE/FLEX,4700,GB@CLE 09/21/2025 01:00PM ET,GB,18.65
WR,Christian Kirk (40058614),Christian Kirk,40058614,WR/FLEX,4700,HOU@JAX 09/21/2025 01:00PM ET,HOU,0
QB,Kenny Pickett (40058183),Kenny Pickett,40058183,QB,4700,LV@WAS 09/21/2025 01:00PM ET,LV,0
QB,Trey Lance (40058184),Trey Lance,40058184,QB,4700,DEN@LAC 09/21/2025 04:05PM ET,LAC,0
RB,RJ Harvey (40058316),RJ Harvey,40058316,RB/FLEX,4700,DEN@LAC 09/21/2025 04:05PM ET,DEN,5.65
WR,Keenan Allen (40058612),Keenan Allen,40058612,WR/FLEX,4700,DEN@LAC 09/21/2025 04:05PM ET,LAC,19.8
QB,Kirk Cousins (40058185),Kirk Cousins,40058185,QB,4600,ATL@CAR 09/21/2025 01:00PM ET,ATL,0
RB,Jerome Ford (40058324),Jerome Ford,40058324,RB/FLEX,4600,GB@CLE 09/21/2025 01:00PM ET,CLE,5.95
RB,Dameon Pierce (40058326),Dameon Pierce,40058326,RB/FLEX,4600,HOU@JAX 09/21/2025 01:00PM ET,HOU,0.5
RB,Antonio Gibson (40058322),Antonio Gibson,40058322,RB/FLEX,4600,PIT@NE 09/21/2025 01:00PM ET,NE,5.05
WR,Kayshon Boutte (40058618),Kayshon Boutte,40058618,WR/FLEX,4600,PIT@NE 09/21/2025 01:00PM ET,NE,13.95
QB,Teddy Bridgewater (40058186),Teddy Bridgewater,40058186,QB,4600,NYJ@TB 09/21/2025 01:00PM ET,TB,0
WR,Rashid Shaheed (40058616),Rashid Shaheed,40058616,WR/FLEX,4600,NO@SEA 09/21/2025 04:05PM ET,NO,12.25
QB,Andy Dalton (40058193),Andy Dalton,40058193,QB,4500,ATL@CAR 09/21/2025 01:00PM ET,CAR,0
WR,Darnell Mooney (40058620),Darnell Mooney,40058620,WR/FLEX,4500,ATL@CAR 09/21/2025 01:00PM ET,ATL,4
WR,Cedric Tillman (40058622),Cedric Tillman,40058622,WR/FLEX,4500,GB@CLE 09/21/2025 01:00PM ET,CLE,13.2
QB,Davis Mills (40058187),Davis Mills,40058187,QB,4500,HOU@JAX 09/21/2025 01:00PM ET,HOU,0
RB,Kenneth Gainwell (40058328),Kenneth Gainwell,40058328,RB/FLEX,4500,PIT@NE 09/21/2025 01:00PM ET,PIT,5.95
RB,Miles Sanders (40058332),Miles Sanders,40058332,RB/FLEX,4500,DAL@CHI 09/21/2025 04:25PM ET,DAL,7.45
RB,Trey Benson (40058330),Trey Benson,40058330,RB/FLEX,4500,ARI@SF 09/21/2025 04:25PM ET,ARI,8.45
RB,Woody Marks (40058334),Woody Marks,40058334,RB/FLEX,4400,HOU@JAX 09/21/2025 01:00PM ET,HOU,0.3
WR,Dyami Brown (40058626),Dyami Brown,40058626,WR/FLEX,4400,HOU@JAX 09/21/2025 01:00PM ET,JAX,13.2
RB,Kaleb Johnson (40058338),Kaleb Johnson,40058338,RB/FLEX,4400,PIT@NE 09/21/2025 01:00PM ET,PIT,-0.05
QB,Anthony Richardson Sr. (40058189),Anthony Richardson Sr.,40058189,QB,4400,IND@TEN 09/21/2025 01:00PM ET,IND,0
WR,Josh Downs (40058624),Josh Downs,40058624,WR/FLEX,4400,IND@TEN 09/21/2025 01:00PM ET,IND,7.15
TE,Tyler Warren (40059026),Tyler Warren,40059026,TE/FLEX,4400,IND@TEN 09/21/2025 01:00PM ET,IND,13.4
RB,Jeremy McNichols (40058336),Jeremy McNichols,40058336,RB/FLEX,4400,LV@WAS 09/21/2025 01:00PM ET,WAS,1.25
QB,Tyler Shough (40058188),Tyler Shough,40058188,QB,4400,NO@SEA 09/21/2025 04:05PM ET,NO,0
QB,Shedeur Sanders (40058190),Shedeur Sanders,40058190,QB,4300,GB@CLE 09/21/2025 01:00PM ET,CLE,0
QB,Dillon Gabriel (40058191),Dillon Gabriel,40058191,QB,4300,GB@CLE 09/21/2025 01:00PM ET,CLE,4.76
WR,Adam Thielen (40058628),Adam Thielen,40058628,WR/FLEX,4300,CIN@MIN 09/21/2025 01:00PM ET,MIN,3.3
RB,Will Shipley (40058342),Will Shipley,40058342,RB/FLEX,4300,LAR@PHI 09/21/2025 01:00PM ET,PHI,2.6
RB,Tank Bigsby (40058344),Tank Bigsby,40058344,RB/FLEX,4300,LAR@PHI 09/21/2025 01:00PM ET,PHI,0.6
WR,Alec Pierce (40058630),Alec Pierce,40058630,WR/FLEX,4300,IND@TEN 09/21/2025 01:00PM ET,IND,7.7
RB,Jaydon Blue (40058340),Jaydon Blue,40058340,RB/FLEX,4300,DAL@CHI 09/21/2025 04:25PM ET,DAL,0
WR,Jayden Higgins (40058634),Jayden Higgins,40058634,WR/FLEX,4200,HOU@JAX 09/21/2025 01:00PM ET,HOU,5.2
QB,Jimmy Garoppolo (40058192),Jimmy Garoppolo,40058192,QB,4200,LAR@PHI 09/21/2025 01:00PM ET,LAR,0
RB,Blake Corum (40058350),Blake Corum,40058350,RB/FLEX,4200,LAR@PHI 09/21/2025 01:00PM ET,LAR,6.5
RB,DJ Giddens (40058348),DJ Giddens,40058348,RB/FLEX,4200,IND@TEN 09/21/2025 01:00PM ET,IND,2.05
RB,Zamir White (40058346),Zamir White,40058346,RB/FLEX,4200,LV@WAS 09/21/2025 01:00PM ET,LV,0.8
TE,Zach Ertz (40059028),Zach Ertz,40059028,TE/FLEX,4200,LV@WAS 09/21/2025 01:00PM ET,WAS,15
WR,Luther Burden III (40058632),Luther Burden III,40058632,WR/FLEX,4200,DAL@CHI 09/21/2025 04:25PM ET,CHI,1.1
TE,David Njoku (40059030),David Njoku,40059030,TE/FLEX,4100,GB@CLE 09/21/2025 01:00PM ET,CLE,7.35
WR,DeMario Douglas (40058636),DeMario Douglas,40058636,WR/FLEX,4100,PIT@NE 09/21/2025 01:00PM ET,NE,5
RB,Chris Rodriguez Jr. (40058352),Chris Rodriguez Jr.,40058352,RB/FLEX,4100,LV@WAS 09/21/2025 01:00PM ET,WAS,0
WR,Dont'e Thornton Jr. (40058638),Dont'e Thornton Jr.,40058638,WR/FLEX,4100,LV@WAS 09/21/2025 01:00PM ET,LV,6.5
RB,Kyle Monangai (40058354),Kyle Monangai,40058354,RB/FLEX,4100,DAL@CHI 09/21/2025 04:25PM ET,CHI,3.35
QB,Hendon Hooker (40058241),Hendon Hooker,40058241,QB,4000,ATL@CAR 09/21/2025 01:00PM ET,CAR,0
QB,Emory Jones (40058242),Emory Jones,40058242,QB,4000,ATL@CAR 09/21/2025 01:00PM ET,ATL,0
QB,Easton Stick (40058243),Easton Stick,40058243,QB,4000,ATL@CAR 09/21/2025 01:00PM ET,ATL,0
RB,Trevor Etienne (40058516),Trevor Etienne,40058516,RB/FLEX,4000,ATL@CAR 09/21/2025 01:00PM ET,CAR,0.8
RB,Jonathon Brooks (40058518),Jonathon Brooks,40058518,RB/FLEX,4000,ATL@CAR 09/21/2025 01:00PM ET,CAR,0
RB,DeeJay Dallas (40058520),DeeJay Dallas,40058520,RB/FLEX,4000,ATL@CAR 09/21/2025 01:00PM ET,CAR,0
RB,Nathan Carter (40058522),Nathan Carter,40058522,RB/FLEX,4000,ATL@CAR 09/21/2025 01:00PM ET,ATL,0
RB,Carlos Washington Jr. (40058524),Carlos Washington Jr.,40058524,RB/FLEX,4000,ATL@CAR 09/21/2025 01:00PM ET,ATL,0
QB,Malik Willis (40058237),Malik Willis,40058237,QB,4000,GB@CLE 09/21/2025 01:00PM ET,GB,0
QB,Clayton Tune (40058238),Clayton Tune,40058238,QB,4000,GB@CLE 09/21/2025 01:00PM ET,GB,0
QB,Deshaun Watson (40058239),Deshaun Watson,40058239,QB,4000,GB@CLE 09/21/2025 01:00PM ET,CLE,0
QB,Bailey Zappe (40058240),Bailey Zappe,40058240,QB,4000,GB@CLE 09/21/2025 01:00PM ET,CLE,0
RB,Raheim Sanders (40058360),Raheim Sanders,40058360,RB/FLEX,4000,GB@CLE 09/21/2025 01:00PM ET,CLE,6.3
RB,Chris Brooks (40058508),Chris Brooks,40058508,RB/FLEX,4000,GB@CLE 09/21/2025 01:00PM ET,GB,3.5
RB,MarShawn Lloyd (40058510),MarShawn Lloyd,40058510,RB/FLEX,4000,GB@CLE 09/21/2025 01:00PM ET,GB,0
RB,Pierre Strong Jr. (40058512),Pierre Strong Jr.,40058512,RB/FLEX,4000,GB@CLE 09/21/2025 01:00PM ET,GB,0
RB,Ahmani Marshall (40058514),Ahmani Marshall,40058514,RB/FLEX,4000,GB@CLE 09/21/2025 01:00PM ET,CLE,0
RB,Emanuel Wilson (40058530),Emanuel Wilson,40058530,RB/FLEX,4000,GB@CLE 09/21/2025 01:00PM ET,GB,0.2
QB,Nick Mullens (40058234),Nick Mullens,40058234,QB,4000,HOU@JAX 09/21/2025 01:00PM ET,JAX,0
QB,Seth Henigan (40058235),Seth Henigan,40058235,QB,4000,HOU@JAX 09/21/2025 01:00PM ET,JAX,0
QB,Graham Mertz (40058236),Graham Mertz,40058236,QB,4000,HOU@JAX 09/21/2025 01:00PM ET,HOU,0
RB,LeQuint Allen Jr. (40058494),LeQuint Allen Jr.,40058494,RB/FLEX,4000,HOU@JAX 09/21/2025 01:00PM ET,JAX,1.7
RB,Cody Schrader (40058496),Cody Schrader,40058496,RB/FLEX,4000,HOU@JAX 09/21/2025 01:00PM ET,JAX,0
RB,Ja'Quinden Jackson (40058498),Ja'Quinden Jackson,40058498,RB/FLEX,4000,HOU@JAX 09/21/2025 01:00PM ET,JAX,0
RB,Dare Ogunbowale (40058500),Dare Ogunbowale,40058500,RB/FLEX,4000,HOU@JAX 09/21/2025 01:00PM ET,HOU,3.6
RB,British Brooks (40058502),British Brooks,40058502,RB/FLEX,4000,HOU@JAX 09/21/2025 01:00PM ET,HOU,0
RB,Joe Mixon (40058504),Joe Mixon,40058504,RB/FLEX,4000,HOU@JAX 09/21/2025 01:00PM ET,HOU,0
RB,Jawhar Jordan (40058506),Jawhar Jordan,40058506,RB/FLEX,4000,HOU@JAX 09/21/2025 01:00PM ET,HOU,0
QB,Carson Wentz (40058194),Carson Wentz,40058194,QB,4000,CIN@MIN 09/21/2025 01:00PM ET,MIN,0
QB,Max Brosmer (40058232),Max Brosmer,40058232,QB,4000,CIN@MIN 09/21/2025 01:00PM ET,MIN,0
QB,Brett Rypien (40058233),Brett Rypien,40058233,QB,4000,CIN@MIN 09/21/2025 01:00PM ET,CIN,0
RB,Zavier Scott (40058478),Zavier Scott,40058478,RB/FLEX,4000,CIN@MIN 09/21/2025 01:00PM ET,MIN,0
RB,Ty Chandler (40058480),Ty Chandler,40058480,RB/FLEX,4000,CIN@MIN 09/21/2025 01:00PM ET,MIN,0
RB,Xazavian Valladay (40058482),Xazavian Valladay,40058482,RB/FLEX,4000,CIN@MIN 09/21/2025 01:00PM ET,MIN,0
RB,C.J. Ham (40058484),C.J. Ham,40058484,RB/FLEX,4000,CIN@MIN 09/21/2025 01:00PM ET,MIN,0
RB,Samaje Perine (40058486),Samaje Perine,40058486,RB/FLEX,4000,CIN@MIN 09/21/2025 01:00PM ET,CIN,1.3
RB,Tahj Brooks (40058488),Tahj Brooks,40058488,RB/FLEX,4000,CIN@MIN 09/21/2025 01:00PM ET,CIN,0
RB,Kendall Milton (40058490),Kendall Milton,40058490,RB/FLEX,4000,CIN@MIN 09/21/2025 01:00PM ET,CIN,0
RB,Gary Brightwell (40058492),Gary Brightwell,40058492,RB/FLEX,4000,CIN@MIN 09/21/2025 01:00PM ET,CIN,0
QB,Mason Rudolph (40058226),Mason Rudolph,40058226,QB,4000,PIT@NE 09/21/2025 01:00PM ET,PIT,0.48
QB,Will Howard (40058227),Will Howard,40058227,QB,4000,PIT@NE 09/21/2025 01:00PM ET,PIT,0
QB,Skylar Thompson (40058228),Skylar Thompson,40058228,QB,4000,PIT@NE 09/21/2025 01:00PM ET,PIT,0
QB,Logan Woodside (40058229),Logan Woodside,40058229,QB,4000,PIT@NE 09/21/2025 01:00PM ET,PIT,0
QB,Joshua Dobbs (40058230),Joshua Dobbs,40058230,QB,4000,PIT@NE 09/21/2025 01:00PM ET,NE,0
QB,Tommy DeVito (40058231),Tommy DeVito,40058231,QB,4000,PIT@NE 09/21/2025 01:00PM ET,NE,0
RB,Trey Sermon (40058464),Trey Sermon,40058464,RB/FLEX,4000,PIT@NE 09/21/2025 01:00PM ET,PIT,0
RB,Lew Nichols (40058466),Lew Nichols,40058466,RB/FLEX,4000,PIT@NE 09/21/2025 01:00PM ET,PIT,0
RB,Lan Larison (40058468),Lan Larison,40058468,RB/FLEX,4000,PIT@NE 09/21/2025 01:00PM ET,NE,0
RB,Deneric Prince (40058470),Deneric Prince,40058470,RB/FLEX,4000,PIT@NE 09/21/2025 01:00PM ET,NE,0
RB,Terrell Jennings (40058472),Terrell Jennings,40058472,RB/FLEX,4000,PIT@NE 09/21/2025 01:00PM ET,NE,0
RB,Brock Lampe (40058474),Brock Lampe,40058474,RB/FLEX,4000,PIT@NE 09/21/2025 01:00PM ET,NE,0
RB,Jack Westover (40058476),Jack Westover,40058476,RB/FLEX,4000,PIT@NE 09/21/2025 01:00PM ET,NE,0
WR,Calvin Austin III (40058640),Calvin Austin III,40058640,WR/FLEX,4000,PIT@NE 09/21/2025 01:00PM ET,PIT,10.1
QB,Tanner McKee (40058196),Tanner McKee,40058196,QB,4000,LAR@PHI 09/21/2025 01:00PM ET,PHI,0
QB,Sam Howell (40058223),Sam Howell,40058223,QB,4000,LAR@PHI 09/21/2025 01:00PM ET,PHI,0
QB,Kyle McCord (40058224),Kyle McCord,40058224,QB,4000,LAR@PHI 09/21/2025 01:00PM ET,PHI,0
QB,Stetson Bennett IV (40058225),Stetson Bennett IV,40058225,QB,4000,LAR@PHI 09/21/2025 01:00PM ET,LAR,0
RB,Audric Estime (40058456),Audric Estime,40058456,RB/FLEX,4000,LAR@PHI 09/21/2025 01:00PM ET,PHI,0
RB,Ben VanSumeren (40058458),Ben VanSumeren,40058458,RB/FLEX,4000,LAR@PHI 09/21/2025 01:00PM ET,PHI,0
RB,Jarquez Hunter (40058460),Jarquez Hunter,40058460,RB/FLEX,4000,LAR@PHI 09/21/2025 01:00PM ET,LAR,0
RB,Ronnie Rivers (40058462),Ronnie Rivers,40058462,RB/FLEX,4000,LAR@PHI 09/21/2025 01:00PM ET,LAR,0
RB,A.J. Dillon (40058528),A.J. Dillon,40058528,RB/FLEX,4000,LAR@PHI 09/21/2025 01:00PM ET,PHI,1.45
QB,Connor Bazelak (40058221),Connor Bazelak,40058221,QB,4000,NYJ@TB 09/21/2025 01:00PM ET,TB,0
QB,Brady Cook (40058222),Brady Cook,40058222,QB,4000,NYJ@TB 09/21/2025 01:00PM ET,NYJ,0
RB,Sean Tucker (40058444),Sean Tucker,40058444,RB/FLEX,4000,NYJ@TB 09/21/2025 01:00PM ET,TB,0.2
RB,Josh Williams (40058446),Josh Williams,40058446,RB/FLEX,4000,NYJ@TB 09/21/2025 01:00PM ET,TB,0
RB,Isaiah Davis (40058448),Isaiah Davis,40058448,RB/FLEX,4000,NYJ@TB 09/21/2025 01:00PM ET,NYJ,1.7
RB,Kene Nwangwu (40058450),Kene Nwangwu,40058450,RB/FLEX,4000,NYJ@TB 09/21/2025 01:00PM ET,NYJ,0
RB,Keilan Robinson (40058452),Keilan Robinson,40058452,RB/FLEX,4000,NYJ@TB 09/21/2025 01:00PM ET,NYJ,0
RB,Andrew Beck (40058454),Andrew Beck,40058454,RB/FLEX,4000,NYJ@TB 09/21/2025 01:00PM ET,NYJ,0
QB,Riley Leonard (40058217),Riley Leonard,40058217,QB,4000,IND@TEN 09/21/2025 01:00PM ET,IND,0
QB,Brandon Allen (40058218),Brandon Allen,40058218,QB,4000,IND@TEN 09/21/2025 01:00PM ET,TEN,0
QB,Will Levis (40058219),Will Levis,40058219,QB,4000,IND@TEN 09/21/2025 01:00PM ET,TEN,0
QB,Trevor Siemian (40058220),Trevor Siemian,40058220,QB,4000,IND@TEN 09/21/2025 01:00PM ET,TEN,0
RB,Tyler Goodson (40058428),Tyler Goodson,40058428,RB/FLEX,4000,IND@TEN 09/21/2025 01:00PM ET,IND,0
RB,Ulysses Bentley IV (40058430),Ulysses Bentley IV,40058430,RB/FLEX,4000,IND@TEN 09/21/2025 01:00PM ET,IND,0
RB,Salvon Ahmed (40058432),Salvon Ahmed,40058432,RB/FLEX,4000,IND@TEN 09/21/2025 01:00PM ET,IND,0
RB,Ameer Abdullah (40058434),Ameer Abdullah,40058434,RB/FLEX,4000,IND@TEN 09/21/2025 01:00PM ET,IND,0
RB,Julius Chestnut (40058436),Julius Chestnut,40058436,RB/FLEX,4000,IND@TEN 09/21/2025 01:00PM ET,TEN,0.1
RB,Kalel Mullings (40058438),Kalel Mullings,40058438,RB/FLEX,4000,IND@TEN 09/21/2025 01:00PM ET,TEN,0
RB,Jordan Mims (40058440),Jordan Mims,40058440,RB/FLEX,4000,IND@TEN 09/21/2025 01:00PM ET,TEN,0
RB,Tyjae Spears (40058442),Tyjae Spears,40058442,RB/FLEX,4000,IND@TEN 09/21/2025 01:00PM ET,TEN,0
QB,Marcus Mariota (40058211),Marcus Mariota,40058211,QB,4000,LV@WAS 09/21/2025 01:00PM ET,WAS,0
QB,Josh Johnson (40058212),Josh Johnson,40058212,QB,4000,LV@WAS 09/21/2025 01:00PM ET,WAS,0
QB,Sam Hartman (40058213),Sam Hartman,40058213,QB,4000,LV@WAS 09/21/2025 01:00PM ET,WAS,0
QB,Aidan O'Connell (40058214),Aidan O'Connell,40058214,QB,4000,LV@WAS 09/21/2025 01:00PM ET,LV,0
QB,Jeff Driskel (40058215),Jeff Driskel,40058215,QB,4000,LV@WAS 09/21/2025 01:00PM ET,LV,0
QB,Cam Miller (40058216),Cam Miller,40058216,QB,4000,LV@WAS 09/21/2025 01:00PM ET,LV,0
RB,Austin Ekeler (40058356),Austin Ekeler,40058356,RB/FLEX,4000,LV@WAS 09/21/2025 01:00PM ET,WAS,6.55
RB,Donovan Edwards (40058422),Donovan Edwards,40058422,RB/FLEX,4000,LV@WAS 09/21/2025 01:00PM ET,WAS,0
RB,Dylan Laube (40058424),Dylan Laube,40058424,RB/FLEX,4000,LV@WAS 09/21/2025 01:00PM ET,LV,0
RB,Chris Collier (40058426),Chris Collier,40058426,RB/FLEX,4000,LV@WAS 09/21/2025 01:00PM ET,LV,0
QB,DJ Uiagalelei (40058208),DJ Uiagalelei,40058208,QB,4000,DEN@LAC 09/21/2025 04:05PM ET,LAC,0
QB,Jarrett Stidham (40058209),Jarrett Stidham,40058209,QB,4000,DEN@LAC 09/21/2025 04:05PM ET,DEN,0
QB,Sam Ehlinger (40058210),Sam Ehlinger,40058210,QB,4000,DEN@LAC 09/21/2025 04:05PM ET,DEN,0
RB,Jaleel McLaughlin (40058358),Jaleel McLaughlin,40058358,RB/FLEX,4000,DEN@LAC 09/21/2025 04:05PM ET,DEN,0
RB,Hassan Haskins (40058408),Hassan Haskins,40058408,RB/FLEX,4000,DEN@LAC 09/21/2025 04:05PM ET,LAC,0
RB,Amar Johnson (40058410),Amar Johnson,40058410,RB/FLEX,4000,DEN@LAC 09/21/2025 04:05PM ET,LAC,0
RB,Scott Matlock (40058412),Scott Matlock,40058412,RB/FLEX,4000,DEN@LAC 09/21/2025 04:05PM ET,LAC,0
RB,Kimani Vidal (40058414),Kimani Vidal,40058414,RB/FLEX,4000,DEN@LAC 09/21/2025 04:05PM ET,LAC,0
RB,Adam Prentice (40058416),Adam Prentice,40058416,RB/FLEX,4000,DEN@LAC 09/21/2025 04:05PM ET,DEN,0.7
RB,Deuce Vaughn (40058418),Deuce Vaughn,40058418,RB/FLEX,4000,DEN@LAC 09/21/2025 04:05PM ET,DEN,0
RB,Michael Burton (40058420),Michael Burton,40058420,RB/FLEX,4000,DEN@LAC 09/21/2025 04:05PM ET,DEN,0
RB,Tyler Badie (40058526),Tyler Badie,40058526,RB/FLEX,4000,DEN@LAC 09/21/2025 04:05PM ET,DEN,3.9
WR,Troy Franklin (40058642),Troy Franklin,40058642,WR/FLEX,4000,DEN@LAC 09/21/2025 04:05PM ET,DEN,16.2
QB,Jake Haener (40058195),Jake Haener,40058195,QB,4000,NO@SEA 09/21/2025 04:05PM ET,NO,0
QB,Drew Lock (40058205),Drew Lock,40058205,QB,4000,NO@SEA 09/21/2025 04:05PM ET,SEA,0
QB,Jalen Milroe (40058206),Jalen Milroe,40058206,QB,4000,NO@SEA 09/21/2025 04:05PM ET,SEA,0.1
QB,Hunter Dekkers (40058207),Hunter Dekkers,40058207,QB,4000,NO@SEA 09/21/2025 04:05PM ET,NO,0
RB,George Holani (40058392),George Holani,40058392,RB/FLEX,4000,NO@SEA 09/21/2025 04:05PM ET,SEA,0
RB,Kenny McIntosh (40058394),Kenny McIntosh,40058394,RB/FLEX,4000,NO@SEA 09/21/2025 04:05PM ET,SEA,0
RB,Damien Martinez (40058396),Damien Martinez,40058396,RB/FLEX,4000,NO@SEA 09/21/2025 04:05PM ET,SEA,0
RB,Robbie Ouzts (40058398),Robbie Ouzts,40058398,RB/FLEX,4000,NO@SEA 09/21/2025 04:05PM ET,SEA,0
RB,Jacardia Wright (40058400),Jacardia Wright,40058400,RB/FLEX,4000,NO@SEA 09/21/2025 04:05PM ET,SEA,0
RB,Brady Russell (40058402),Brady Russell,40058402,RB/FLEX,4000,NO@SEA 09/21/2025 04:05PM ET,SEA,0
RB,Devin Neal (40058404),Devin Neal,40058404,RB/FLEX,4000,NO@SEA 09/21/2025 04:05PM ET,NO,0.9
RB,Velus Jones Jr. (40058406),Velus Jones Jr.,40058406,RB/FLEX,4000,NO@SEA 09/21/2025 04:05PM ET,NO,0
RB,Kendre Miller (40058532),Kendre Miller,40058532,RB/FLEX,4000,NO@SEA 09/21/2025 04:05PM ET,NO,2.2
QB,Tyson Bagent (40058197),Tyson Bagent,40058197,QB,4000,DAL@CHI 09/21/2025 04:25PM ET,CHI,1.78
QB,Joe Milton III (40058202),Joe Milton III,40058202,QB,4000,DAL@CHI 09/21/2025 04:25PM ET,DAL,0
QB,Will Grier (40058203),Will Grier,40058203,QB,4000,DAL@CHI 09/21/2025 04:25PM ET,DAL,0
QB,Case Keenum (40058204),Case Keenum,40058204,QB,4000,DAL@CHI 09/21/2025 04:25PM ET,CHI,0
RB,Roschon Johnson (40058362),Roschon Johnson,40058362,RB/FLEX,4000,DAL@CHI 09/21/2025 04:25PM ET,CHI,0
RB,Phil Mafah (40058380),Phil Mafah,40058380,RB/FLEX,4000,DAL@CHI 09/21/2025 04:25PM ET,DAL,0
RB,Hunter Luepke (40058382),Hunter Luepke,40058382,RB/FLEX,4000,DAL@CHI 09/21/2025 04:25PM ET,DAL,0
RB,Malik Davis (40058384),Malik Davis,40058384,RB/FLEX,4000,DAL@CHI 09/21/2025 04:25PM ET,DAL,0
RB,Travis Homer (40058386),Travis Homer,40058386,RB/FLEX,4000,DAL@CHI 09/21/2025 04:25PM ET,CHI,0
RB,Deion Hankins (40058388),Deion Hankins,40058388,RB/FLEX,4000,DAL@CHI 09/21/2025 04:25PM ET,CHI,0
RB,Brittain Brown (40058390),Brittain Brown,40058390,RB/FLEX,4000,DAL@CHI 09/21/2025 04:25PM ET,CHI,0
TE,Jake Ferguson (40059032),Jake Ferguson,40059032,TE/FLEX,4000,DAL@CHI 09/21/2025 04:25PM ET,DAL,12.05
QB,Adrian Martinez (40058198),Adrian Martinez,40058198,QB,4000,ARI@SF 09/21/2025 04:25PM ET,SF,0
QB,Kurtis Rourke (40058199),Kurtis Rourke,40058199,QB,4000,ARI@SF 09/21/2025 04:25PM ET,SF,0
QB,Jacoby Brissett (40058200),Jacoby Brissett,40058200,QB,4000,ARI@SF 09/21/2025 04:25PM ET,ARI,0.2
QB,Kedon Slovis (40058201),Kedon Slovis,40058201,QB,4000,ARI@SF 09/21/2025 04:25PM ET,ARI,0
RB,Isaac Guerendo (40058364),Isaac Guerendo,40058364,RB/FLEX,4000,ARI@SF 09/21/2025 04:25PM ET,SF,0
RB,Jordan James (40058366),Jordan James,40058366,RB/FLEX,4000,ARI@SF 09/21/2025 04:25PM ET,SF,0
RB,Patrick Taylor Jr. (40058368),Patrick Taylor Jr.,40058368,RB/FLEX,4000,ARI@SF 09/21/2025 04:25PM ET,SF,0
RB,Sincere McCormick (40058370),Sincere McCormick,40058370,RB/FLEX,4000,ARI@SF 09/21/2025 04:25PM ET,SF,0
RB,Kyle Juszczyk (40058372),Kyle Juszczyk,40058372,RB/FLEX,4000,ARI@SF 09/21/2025 04:25PM ET,SF,3.35
RB,Emari Demercado (40058374),Emari Demercado,40058374,RB/FLEX,4000,ARI@SF 09/21/2025 04:25PM ET,ARI,0
RB,Zonovan Knight (40058376),Zonovan Knight,40058376,RB/FLEX,4000,ARI@SF 09/21/2025 04:25PM ET,ARI,0
RB,Michael Carter (40058378),Michael Carter,40058378,RB/FLEX,4000,ARI@SF 09/21/2025 04:25PM ET,ARI,0
WR,Ray-Ray McCloud III (40058646),Ray-Ray McCloud III,40058646,WR/FLEX,3900,ATL@CAR 09/21/2025 01:00PM ET,ATL,4.05
TE,Kyle Pitts Sr. (40059036),Kyle Pitts Sr.,40059036,TE/FLEX,3900,ATL@CAR 09/21/2025 01:00PM ET,ATL,10.3
WR,Jack Bech (40058648),Jack Bech,40058648,WR/FLEX,3900,LV@WAS 09/21/2025 01:00PM ET,LV,3.3
TE,Juwan Johnson (40059034),Juwan Johnson,40059034,TE/FLEX,3900,NO@SEA 09/21/2025 04:05PM ET,NO,15.75
WR,KaVontae Turpin (40058644),KaVontae Turpin,40058644,WR/FLEX,3900,DAL@CHI 09/21/2025 04:25PM ET,DAL,10
WR,Jalen Nailor (40058652),Jalen Nailor,40058652,WR/FLEX,3800,CIN@MIN 09/21/2025 01:00PM ET,MIN,4.95
TE,T.J. Hockenson (40059038),T.J. Hockenson,40059038,TE/FLEX,3800,CIN@MIN 09/21/2025 01:00PM ET,MIN,3.35
TE,Hunter Henry (40059040),Hunter Henry,40059040,TE/FLEX,3800,PIT@NE 09/21/2025 01:00PM ET,NE,6.25
WR,Marvin Mims Jr. (40058650),Marvin Mims Jr.,40058650,WR/FLEX,3800,DEN@LAC 09/21/2025 04:05PM ET,DEN,6.8
WR,Brandin Cooks (40058654),Brandin Cooks,40058654,WR/FLEX,3800,NO@SEA 09/21/2025 04:05PM ET,NO,5.1
WR,Hunter Renfrow (40058656),Hunter Renfrow,40058656,WR/FLEX,3700,ATL@CAR 09/21/2025 01:00PM ET,CAR,13.45
WR,Dontayvion Wicks (40058658),Dontayvion Wicks,40058658,WR/FLEX,3700,GB@CLE 09/21/2025 01:00PM ET,GB,6.7
DST,Packers  (40059306),Packers ,40059306,DST,3700,GB@CLE 09/21/2025 01:00PM ET,GB,7.5
TE,Dallas Goedert (40059042),Dallas Goedert,40059042,TE/FLEX,3700,LAR@PHI 09/21/2025 01:00PM ET,PHI,11.4
WR,Elic Ayomanor (40058660),Elic Ayomanor,40058660,WR/FLEX,3700,IND@TEN 09/21/2025 01:00PM ET,TEN,9.45
TE,Evan Engram (40059044),Evan Engram,40059044,TE/FLEX,3700,DEN@LAC 09/21/2025 04:05PM ET,DEN,3.65
WR,Xavier Legette (40058664),Xavier Legette,40058664,WR/FLEX,3600,ATL@CAR 09/21/2025 01:00PM ET,CAR,2.4
TE,Harold Fannin Jr. (40059048),Harold Fannin Jr.,40059048,TE/FLEX,3600,GB@CLE 09/21/2025 01:00PM ET,CLE,11.7
TE,Jonnu Smith (40059046),Jonnu Smith,40059046,TE/FLEX,3600,PIT@NE 09/21/2025 01:00PM ET,PIT,9.6
WR,Sterling Shepard (40058666),Sterling Shepard,40058666,WR/FLEX,3600,NYJ@TB 09/21/2025 01:00PM ET,TB,6.9
WR,Tyler Lockett (40058662),Tyler Lockett,40058662,WR/FLEX,3600,IND@TEN 09/21/2025 01:00PM ET,TEN,1.45
DST,Seahawks  (40059307),Seahawks ,40059307,DST,3600,NO@SEA 09/21/2025 04:05PM ET,SEA,11
WR,Parker Washington (40058668),Parker Washington,40058668,WR/FLEX,3500,HOU@JAX 09/21/2025 01:00PM ET,JAX,6.3
WR,Xavier Hutchinson (40058674),Xavier Hutchinson,40058674,WR/FLEX,3500,HOU@JAX 09/21/2025 01:00PM ET,HOU,5.5
TE,Brenton Strange (40059052),Brenton Strange,40059052,TE/FLEX,3500,HOU@JAX 09/21/2025 01:00PM ET,JAX,7.3
WR,Josh Reynolds (40058672),Josh Reynolds,40058672,WR/FLEX,3500,NYJ@TB 09/21/2025 01:00PM ET,NYJ,3.8
TE,Cade Otton (40059050),Cade Otton,40059050,TE/FLEX,3500,NYJ@TB 09/21/2025 01:00PM ET,TB,0
DST,Buccaneers  (40059308),Buccaneers ,40059308,DST,3500,NYJ@TB 09/21/2025 01:00PM ET,TB,2
WR,Kendrick Bourne (40058670),Kendrick Bourne,40058670,WR/FLEX,3500,ARI@SF 09/21/2025 04:25PM ET,SF,6.2
TE,Dalton Schultz (40059056),Dalton Schultz,40059056,TE/FLEX,3400,HOU@JAX 09/21/2025 01:00PM ET,HOU,5.8
DST,Vikings  (40059309),Vikings ,40059309,DST,3400,CIN@MIN 09/21/2025 01:00PM ET,MIN,5
WR,Tez Johnson (40058678),Tez Johnson,40058678,WR/FLEX,3400,NYJ@TB 09/21/2025 01:00PM ET,TB,0
TE,Chig Okonkwo (40059054),Chig Okonkwo,40059054,TE/FLEX,3400,IND@TEN 09/21/2025 01:00PM ET,TEN,6.2
WR,Tre Tucker (40058680),Tre Tucker,40058680,WR/FLEX,3400,LV@WAS 09/21/2025 01:00PM ET,LV,13.4
WR,Tory Horton (40058682),Tory Horton,40058682,WR/FLEX,3400,NO@SEA 09/21/2025 04:05PM ET,SEA,5.6
WR,Olamide Zaccheaus (40058684),Olamide Zaccheaus,40058684,WR/FLEX,3400,DAL@CHI 09/21/2025 04:25PM ET,CHI,6.15
WR,Michael Wilson (40058676),Michael Wilson,40058676,WR/FLEX,3400,ARI@SF 09/21/2025 04:25PM ET,ARI,4.8
TE,Ja'Tavion Sanders (40059058),Ja'Tavion Sanders,40059058,TE/FLEX,3300,ATL@CAR 09/21/2025 01:00PM ET,CAR,8.55
WR,Savion Williams (40058688),Savion Williams,40058688,WR/FLEX,3300,GB@CLE 09/21/2025 01:00PM ET,GB,1.75
WR,Andrei Iosivas (40058694),Andrei Iosivas,40058694,WR/FLEX,3300,CIN@MIN 09/21/2025 01:00PM ET,CIN,1.1
WR,Kyle Williams (40058686),Kyle Williams,40058686,WR/FLEX,3300,PIT@NE 09/21/2025 01:00PM ET,NE,1.1
WR,Jahan Dotson (40058696),Jahan Dotson,40058696,WR/FLEX,3300,LAR@PHI 09/21/2025 01:00PM ET,PHI,5.15
WR,Allen Lazard (40058690),Allen Lazard,40058690,WR/FLEX,3300,NYJ@TB 09/21/2025 01:00PM ET,NYJ,0
DST,Colts  (40059310),Colts ,40059310,DST,3300,IND@TEN 09/21/2025 01:00PM ET,IND,7
WR,Marquez Valdes-Scantling (40058692),Marquez Valdes-Scantling,40058692,WR/FLEX,3300,ARI@SF 09/21/2025 04:25PM ET,SF,0
TE,Luke Farrell (40059060),Luke Farrell,40059060,TE/FLEX,3300,ARI@SF 09/21/2025 04:25PM ET,SF,5.45
DST,Falcons  (40059311),Falcons ,40059311,DST,3200,ATL@CAR 09/21/2025 01:00PM ET,ATL,11
WR,Jaylin Noel (40058704),Jaylin Noel,40058704,WR/FLEX,3200,HOU@JAX 09/21/2025 01:00PM ET,HOU,1.7
TE,Mike Gesicki (40059064),Mike Gesicki,40059064,TE/FLEX,3200,CIN@MIN 09/21/2025 01:00PM ET,CIN,3.6
WR,Ben Skowronek (40058702),Ben Skowronek,40058702,WR/FLEX,3200,PIT@NE 09/21/2025 01:00PM ET,PIT,4.6
WR,Tutu Atwell (40058708),Tutu Atwell,40058708,WR/FLEX,3200,LAR@PHI 09/21/2025 01:00PM ET,LAR,0.7
WR,Adonai Mitchell (40058698),Adonai Mitchell,40058698,WR/FLEX,3200,IND@TEN 09/21/2025 01:00PM ET,IND,4.05
WR,Jaylin Lane (40058700),Jaylin Lane,40058700,WR/FLEX,3200,LV@WAS 09/21/2025 01:00PM ET,WAS,1.65
WR,Devaughn Vele (40058706),Devaughn Vele,40058706,WR/FLEX,3200,NO@SEA 09/21/2025 04:05PM ET,NO,4.8
WR,Jalen Tolbert (40058710),Jalen Tolbert,40058710,WR/FLEX,3200,DAL@CHI 09/21/2025 04:25PM ET,DAL,2.3
TE,Colston Loveland (40059062),Colston Loveland,40059062,TE/FLEX,3200,DAL@CHI 09/21/2025 04:25PM ET,CHI,1.6
WR,Casey Washington (40058722),Casey Washington,40058722,WR/FLEX,3100,ATL@CAR 09/21/2025 01:00PM ET,ATL,6.3
WR,Isaiah Bond (40058712),Isaiah Bond,40058712,WR/FLEX,3100,GB@CLE 09/21/2025 01:00PM ET,CLE,2
WR,Malik Heath (40058716),Malik Heath,40058716,WR/FLEX,3100,GB@CLE 09/21/2025 01:00PM ET,GB,2.35
WR,Mitchell Tinsley (40058724),Mitchell Tinsley,40058724,WR/FLEX,3100,CIN@MIN 09/21/2025 01:00PM ET,CIN,4.15
TE,Noah Fant (40059068),Noah Fant,40059068,TE/FLEX,3100,CIN@MIN 09/21/2025 01:00PM ET,CIN,9.2
WR,Mack Hollins (40058726),Mack Hollins,40058726,WR/FLEX,3100,PIT@NE 09/21/2025 01:00PM ET,NE,4.55
TE,Pat Freiermuth (40059066),Pat Freiermuth,40059066,TE/FLEX,3100,PIT@NE 09/21/2025 01:00PM ET,PIT,5.95
DST,Eagles  (40059312),Eagles ,40059312,DST,3100,LAR@PHI 09/21/2025 01:00PM ET,PHI,4
WR,Luke McCaffrey (40058718),Luke McCaffrey,40058718,WR/FLEX,3100,LV@WAS 09/21/2025 01:00PM ET,WAS,2.45
WR,Pat Bryant (40058720),Pat Bryant,40058720,WR/FLEX,3100,DEN@LAC 09/21/2025 04:05PM ET,DEN,1.9
WR,Greg Dortch (40058714),Greg Dortch,40058714,WR/FLEX,3100,ARI@SF 09/21/2025 04:25PM ET,ARI,1.45
DST,49ers  (40059313),49ers ,40059313,DST,3100,ARI@SF 09/21/2025 04:25PM ET,SF,7
WR,KhaDarel Hodge (40058738),KhaDarel Hodge,40058738,WR/FLEX,3000,ATL@CAR 09/21/2025 01:00PM ET,ATL,0
WR,Brycen Tremayne (40058994),Brycen Tremayne,40058994,WR/FLEX,3000,ATL@CAR 09/21/2025 01:00PM ET,CAR,3.9
WR,David Moore (40058996),David Moore,40058996,WR/FLEX,3000,ATL@CAR 09/21/2025 01:00PM ET,CAR,0
WR,Jimmy Horn Jr. (40058998),Jimmy Horn Jr.,40058998,WR/FLEX,3000,ATL@CAR 09/21/2025 01:00PM ET,CAR,0
WR,Dalevon Campbell (40059000),Dalevon Campbell,40059000,WR/FLEX,3000,ATL@CAR 09/21/2025 01:00PM ET,CAR,0
WR,Jalen Coker (40059002),Jalen Coker,40059002,WR/FLEX,3000,ATL@CAR 09/21/2025 01:00PM ET,CAR,0
WR,Ainias Smith (40059004),Ainias Smith,40059004,WR/FLEX,3000,ATL@CAR 09/21/2025 01:00PM ET,CAR,0
WR,Ja'seem Reed (40059006),Ja'seem Reed,40059006,WR/FLEX,3000,ATL@CAR 09/21/2025 01:00PM ET,CAR,0
WR,Jamal Agnew (40059008),Jamal Agnew,40059008,WR/FLEX,3000,ATL@CAR 09/21/2025 01:00PM ET,ATL,0
WR,David Sills V (40059010),David Sills V,40059010,WR/FLEX,3000,ATL@CAR 09/21/2025 01:00PM ET,ATL,0
WR,Dylan Drummond (40059012),Dylan Drummond,40059012,WR/FLEX,3000,ATL@CAR 09/21/2025 01:00PM ET,ATL,0
WR,Nick Nash (40059014),Nick Nash,40059014,WR/FLEX,3000,ATL@CAR 09/21/2025 01:00PM ET,ATL,0
WR,Chris Blair (40059016),Chris Blair,40059016,WR/FLEX,3000,ATL@CAR 09/21/2025 01:00PM ET,ATL,0
WR,Jayden Reed (40058734),Jayden Reed,40058734,WR/FLEX,3000,GB@CLE 09/21/2025 01:00PM ET,GB,6.75
WR,Jamari Thrash (40058742),Jamari Thrash,40058742,WR/FLEX,3000,GB@CLE 09/21/2025 01:00PM ET,CLE,1.55
WR,Christian Watson (40058976),Christian Watson,40058976,WR/FLEX,3000,GB@CLE 09/21/2025 01:00PM ET,GB,0
WR,Isaiah Neyor (40058978),Isaiah Neyor,40058978,WR/FLEX,3000,GB@CLE 09/21/2025 01:00PM ET,GB,0
WR,Will Sheppard (40058980),Will Sheppard,40058980,WR/FLEX,3000,GB@CLE 09/21/2025 01:00PM ET,GB,0
WR,Mecole Hardman (40058982),Mecole Hardman,40058982,WR/FLEX,3000,GB@CLE 09/21/2025 01:00PM ET,GB,0
WR,DeAndre Carter (40058984),DeAndre Carter,40058984,WR/FLEX,3000,GB@CLE 09/21/2025 01:00PM ET,CLE,0
WR,David Bell (40058986),David Bell,40058986,WR/FLEX,3000,GB@CLE 09/21/2025 01:00PM ET,CLE,0
WR,Cade McDonald (40058988),Cade McDonald,40058988,WR/FLEX,3000,GB@CLE 09/21/2025 01:00PM ET,CLE,0
WR,Kaden Davis (40058990),Kaden Davis,40058990,WR/FLEX,3000,GB@CLE 09/21/2025 01:00PM ET,CLE,0
WR,Malachi Corley (40058992),Malachi Corley,40058992,WR/FLEX,3000,GB@CLE 09/21/2025 01:00PM ET,CLE,0
WR,Justin Watson (40058732),Justin Watson,40058732,WR/FLEX,3000,HOU@JAX 09/21/2025 01:00PM ET,HOU,4.7
WR,Tim Patrick (40058956),Tim Patrick,40058956,WR/FLEX,3000,HOU@JAX 09/21/2025 01:00PM ET,JAX,0
WR,Joshua Cephus (40058958),Joshua Cephus,40058958,WR/FLEX,3000,HOU@JAX 09/21/2025 01:00PM ET,JAX,0
WR,Austin Trammell (40058960),Austin Trammell,40058960,WR/FLEX,3000,HOU@JAX 09/21/2025 01:00PM ET,JAX,0
WR,Erik Ezukanma (40058962),Erik Ezukanma,40058962,WR/FLEX,3000,HOU@JAX 09/21/2025 01:00PM ET,JAX,0
WR,Chandler Brayboy (40058964),Chandler Brayboy,40058964,WR/FLEX,3000,HOU@JAX 09/21/2025 01:00PM ET,JAX,0
WR,Braxton Berrios (40058966),Braxton Berrios,40058966,WR/FLEX,3000,HOU@JAX 09/21/2025 01:00PM ET,HOU,0
WR,Tank Dell (40058968),Tank Dell,40058968,WR/FLEX,3000,HOU@JAX 09/21/2025 01:00PM ET,HOU,0
WR,Josh Kelly (40058970),Josh Kelly,40058970,WR/FLEX,3000,HOU@JAX 09/21/2025 01:00PM ET,HOU,0
WR,Jared Wayne (40058972),Jared Wayne,40058972,WR/FLEX,3000,HOU@JAX 09/21/2025 01:00PM ET,HOU,0
WR,Silas Bolden (40058974),Silas Bolden,40058974,WR/FLEX,3000,HOU@JAX 09/21/2025 01:00PM ET,HOU,0
WR,Tai Felton (40058730),Tai Felton,40058730,WR/FLEX,3000,CIN@MIN 09/21/2025 01:00PM ET,MIN,0
WR,Myles Price (40058936),Myles Price,40058936,WR/FLEX,3000,CIN@MIN 09/21/2025 01:00PM ET,MIN,-0.5
WR,Tim Jones (40058938),Tim Jones,40058938,WR/FLEX,3000,CIN@MIN 09/21/2025 01:00PM ET,MIN,0
WR,Jordan Addison (40058940),Jordan Addison,40058940,WR/FLEX,3000,CIN@MIN 09/21/2025 01:00PM ET,MIN,0
WR,Rondale Moore (40058942),Rondale Moore,40058942,WR/FLEX,3000,CIN@MIN 09/21/2025 01:00PM ET,MIN,0
WR,Jeshaun Jones (40058944),Jeshaun Jones,40058944,WR/FLEX,3000,CIN@MIN 09/21/2025 01:00PM ET,MIN,0
WR,Lucky Jackson (40058946),Lucky Jackson,40058946,WR/FLEX,3000,CIN@MIN 09/21/2025 01:00PM ET,MIN,0
WR,Dontae Fleming (40058948),Dontae Fleming,40058948,WR/FLEX,3000,CIN@MIN 09/21/2025 01:00PM ET,MIN,0
WR,Charlie Jones (40058950),Charlie Jones,40058950,WR/FLEX,3000,CIN@MIN 09/21/2025 01:00PM ET,CIN,0
WR,Jermaine Burton (40058952),Jermaine Burton,40058952,WR/FLEX,3000,CIN@MIN 09/21/2025 01:00PM ET,CIN,0
WR,Jordan Moore (40058954),Jordan Moore,40058954,WR/FLEX,3000,CIN@MIN 09/21/2025 01:00PM ET,CIN,0
WR,Roman Wilson (40058920),Roman Wilson,40058920,WR/FLEX,3000,PIT@NE 09/21/2025 01:00PM ET,PIT,0.85
WR,Scotty Miller (40058922),Scotty Miller,40058922,WR/FLEX,3000,PIT@NE 09/21/2025 01:00PM ET,PIT,0
WR,Rakim Jarrett (40058924),Rakim Jarrett,40058924,WR/FLEX,3000,PIT@NE 09/21/2025 01:00PM ET,PIT,0
WR,Max Hurleman (40058926),Max Hurleman,40058926,WR/FLEX,3000,PIT@NE 09/21/2025 01:00PM ET,PIT,0
WR,Ke'Shawn Williams (40058928),Ke'Shawn Williams,40058928,WR/FLEX,3000,PIT@NE 09/21/2025 01:00PM ET,PIT,0
WR,Efton Chism III (40058930),Efton Chism III,40058930,WR/FLEX,3000,PIT@NE 09/21/2025 01:00PM ET,NE,0
WR,John Jiles (40058932),John Jiles,40058932,WR/FLEX,3000,PIT@NE 09/21/2025 01:00PM ET,NE,0
WR,Jeremiah Webb (40058934),Jeremiah Webb,40058934,WR/FLEX,3000,PIT@NE 09/21/2025 01:00PM ET,NE,0
WR,John Metchie III (40058898),John Metchie III,40058898,WR/FLEX,3000,LAR@PHI 09/21/2025 01:00PM ET,PHI,0.5
WR,Darius Cooper (40058900),Darius Cooper,40058900,WR/FLEX,3000,LAR@PHI 09/21/2025 01:00PM ET,PHI,0
WR,Johnny Wilson (40058902),Johnny Wilson,40058902,WR/FLEX,3000,LAR@PHI 09/21/2025 01:00PM ET,PHI,0
WR,Terrace Marshall (40058904),Terrace Marshall,40058904,WR/FLEX,3000,LAR@PHI 09/21/2025 01:00PM ET,PHI,0
WR,Britain Covey (40058906),Britain Covey,40058906,WR/FLEX,3000,LAR@PHI 09/21/2025 01:00PM ET,PHI,0
WR,Javon Baker (40058908),Javon Baker,40058908,WR/FLEX,3000,LAR@PHI 09/21/2025 01:00PM ET,PHI,0
WR,Jordan Whittington (40058910),Jordan Whittington,40058910,WR/FLEX,3000,LAR@PHI 09/21/2025 01:00PM ET,LAR,3.35
WR,Konata Mumpfield (40058912),Konata Mumpfield,40058912,WR/FLEX,3000,LAR@PHI 09/21/2025 01:00PM ET,LAR,0
WR,Xavier Smith (40058914),Xavier Smith,40058914,WR/FLEX,3000,LAR@PHI 09/21/2025 01:00PM ET,LAR,2.3
WR,Tru Edwards (40058916),Tru Edwards,40058916,WR/FLEX,3000,LAR@PHI 09/21/2025 01:00PM ET,LAR,0
WR,Brennan Presley (40058918),Brennan Presley,40058918,WR/FLEX,3000,LAR@PHI 09/21/2025 01:00PM ET,LAR,0
WR,Tyler Johnson (40058736),Tyler Johnson,40058736,WR/FLEX,3000,NYJ@TB 09/21/2025 01:00PM ET,NYJ,2.55
WR,Ryan Miller (40058874),Ryan Miller,40058874,WR/FLEX,3000,NYJ@TB 09/21/2025 01:00PM ET,TB,0
WR,Kameron Johnson (40058876),Kameron Johnson,40058876,WR/FLEX,3000,NYJ@TB 09/21/2025 01:00PM ET,TB,0
WR,Jalen McMillan (40058878),Jalen McMillan,40058878,WR/FLEX,3000,NYJ@TB 09/21/2025 01:00PM ET,TB,0
WR,Jaden Smith (40058880),Jaden Smith,40058880,WR/FLEX,3000,NYJ@TB 09/21/2025 01:00PM ET,TB,0
WR,Garrett Greene (40058882),Garrett Greene,40058882,WR/FLEX,3000,NYJ@TB 09/21/2025 01:00PM ET,TB,0
WR,Dennis Houston (40058884),Dennis Houston,40058884,WR/FLEX,3000,NYJ@TB 09/21/2025 01:00PM ET,TB,0
WR,Arian Smith (40058886),Arian Smith,40058886,WR/FLEX,3000,NYJ@TB 09/21/2025 01:00PM ET,NYJ,0.4
WR,Isaiah Williams (40058888),Isaiah Williams,40058888,WR/FLEX,3000,NYJ@TB 09/21/2025 01:00PM ET,NYJ,0
WR,Irvin Charles (40058890),Irvin Charles,40058890,WR/FLEX,3000,NYJ@TB 09/21/2025 01:00PM ET,NYJ,0
WR,Quentin Skinner (40058892),Quentin Skinner,40058892,WR/FLEX,3000,NYJ@TB 09/21/2025 01:00PM ET,NYJ,0
WR,Jamaal Pritchett (40058894),Jamaal Pritchett,40058894,WR/FLEX,3000,NYJ@TB 09/21/2025 01:00PM ET,NYJ,0
WR,Brandon Smith (40058896),Brandon Smith,40058896,WR/FLEX,3000,NYJ@TB 09/21/2025 01:00PM ET,NYJ,0
WR,Van Jefferson (40058728),Van Jefferson,40058728,WR/FLEX,3000,IND@TEN 09/21/2025 01:00PM ET,TEN,1.5
WR,Ashton Dulin (40058850),Ashton Dulin,40058850,WR/FLEX,3000,IND@TEN 09/21/2025 01:00PM ET,IND,0.75
WR,Anthony Gould (40058852),Anthony Gould,40058852,WR/FLEX,3000,IND@TEN 09/21/2025 01:00PM ET,IND,0
WR,D.J. Montgomery (40058854),D.J. Montgomery,40058854,WR/FLEX,3000,IND@TEN 09/21/2025 01:00PM ET,IND,0
WR,Coleman Owen (40058856),Coleman Owen,40058856,WR/FLEX,3000,IND@TEN 09/21/2025 01:00PM ET,IND,0
WR,Laquon Treadwell (40058858),Laquon Treadwell,40058858,WR/FLEX,3000,IND@TEN 09/21/2025 01:00PM ET,IND,0
WR,Tyler Scott (40058860),Tyler Scott,40058860,WR/FLEX,3000,IND@TEN 09/21/2025 01:00PM ET,IND,0
WR,Chimere Dike (40058862),Chimere Dike,40058862,WR/FLEX,3000,IND@TEN 09/21/2025 01:00PM ET,TEN,1.85
WR,Bryce Oliver (40058864),Bryce Oliver,40058864,WR/FLEX,3000,IND@TEN 09/21/2025 01:00PM ET,TEN,0.9
WR,Treylon Burks (40058866),Treylon Burks,40058866,WR/FLEX,3000,IND@TEN 09/21/2025 01:00PM ET,TEN,0
WR,Mason Kinsey (40058868),Mason Kinsey,40058868,WR/FLEX,3000,IND@TEN 09/21/2025 01:00PM ET,TEN,0
WR,James Proche II (40058870),James Proche II,40058870,WR/FLEX,3000,IND@TEN 09/21/2025 01:00PM ET,TEN,0
WR,Xavier Restrepo (40058872),Xavier Restrepo,40058872,WR/FLEX,3000,IND@TEN 09/21/2025 01:00PM ET,TEN,0
WR,Noah Brown (40058740),Noah Brown,40058740,WR/FLEX,3000,LV@WAS 09/21/2025 01:00PM ET,WAS,3.3
WR,Jacoby Jones (40058838),Jacoby Jones,40058838,WR/FLEX,3000,LV@WAS 09/21/2025 01:00PM ET,WAS,0
WR,Ja'Corey Brooks (40058840),Ja'Corey Brooks,40058840,WR/FLEX,3000,LV@WAS 09/21/2025 01:00PM ET,WAS,0
WR,Chris Moore (40058842),Chris Moore,40058842,WR/FLEX,3000,LV@WAS 09/21/2025 01:00PM ET,WAS,4.4
WR,Phillip Dorsett II (40058844),Phillip Dorsett II,40058844,WR/FLEX,3000,LV@WAS 09/21/2025 01:00PM ET,LV,0
WR,Shedrick Jackson (40058846),Shedrick Jackson,40058846,WR/FLEX,3000,LV@WAS 09/21/2025 01:00PM ET,LV,0
WR,Alex Bachman (40058848),Alex Bachman,40058848,WR/FLEX,3000,LV@WAS 09/21/2025 01:00PM ET,LV,0
WR,Justin Shorter (40059018),Justin Shorter,40059018,WR/FLEX,3000,LV@WAS 09/21/2025 01:00PM ET,LV,0
TE,Michael Mayer (40059072),Michael Mayer,40059072,TE/FLEX,3000,LV@WAS 09/21/2025 01:00PM ET,LV,7.8
DST,Commanders  (40059314),Commanders ,40059314,DST,3000,LV@WAS 09/21/2025 01:00PM ET,WAS,5.5
WR,Tre' Harris (40058820),Tre' Harris,40058820,WR/FLEX,3000,DEN@LAC 09/21/2025 04:05PM ET,LAC,2.1
WR,KeAndre Lambert-Smith (40058822),KeAndre Lambert-Smith,40058822,WR/FLEX,3000,DEN@LAC 09/21/2025 04:05PM ET,LAC,0
WR,Derius Davis (40058824),Derius Davis,40058824,WR/FLEX,3000,DEN@LAC 09/21/2025 04:05PM ET,LAC,0.3
WR,Luke Grimm (40058826),Luke Grimm,40058826,WR/FLEX,3000,DEN@LAC 09/21/2025 04:05PM ET,LAC,0
WR,JaQuae Jackson (40058828),JaQuae Jackson,40058828,WR/FLEX,3000,DEN@LAC 09/21/2025 04:05PM ET,LAC,0
WR,Trent Sherfield Sr. (40058830),Trent Sherfield Sr.,40058830,WR/FLEX,3000,DEN@LAC 09/21/2025 04:05PM ET,DEN,1.3
WR,Thayer Thomas (40058832),Thayer Thomas,40058832,WR/FLEX,3000,DEN@LAC 09/21/2025 04:05PM ET,DEN,0
WR,Michael Bandy (40058834),Michael Bandy,40058834,WR/FLEX,3000,DEN@LAC 09/21/2025 04:05PM ET,DEN,0
WR,A.T. Perry (40058836),A.T. Perry,40058836,WR/FLEX,3000,DEN@LAC 09/21/2025 04:05PM ET,DEN,0
DST,Broncos  (40059315),Broncos ,40059315,DST,3000,DEN@LAC 09/21/2025 04:05PM ET,DEN,7
WR,Jake Bobo (40058794),Jake Bobo,40058794,WR/FLEX,3000,NO@SEA 09/21/2025 04:05PM ET,SEA,0
WR,Dareke Young (40058796),Dareke Young,40058796,WR/FLEX,3000,NO@SEA 09/21/2025 04:05PM ET,SEA,0
WR,Courtney Jackson (40058798),Courtney Jackson,40058798,WR/FLEX,3000,NO@SEA 09/21/2025 04:05PM ET,SEA,0
WR,Cody White (40058800),Cody White,40058800,WR/FLEX,3000,NO@SEA 09/21/2025 04:05PM ET,SEA,0
WR,Ricky White III (40058802),Ricky White III,40058802,WR/FLEX,3000,NO@SEA 09/21/2025 04:05PM ET,SEA,0
WR,Tyrone Broden (40058804),Tyrone Broden,40058804,WR/FLEX,3000,NO@SEA 09/21/2025 04:05PM ET,SEA,0
WR,Mason Tipton (40058806),Mason Tipton,40058806,WR/FLEX,3000,NO@SEA 09/21/2025 04:05PM ET,NO,0
WR,Trey Palmer (40058808),Trey Palmer,40058808,WR/FLEX,3000,NO@SEA 09/21/2025 04:05PM ET,NO,0
WR,Ja'Lynn Polk (40058810),Ja'Lynn Polk,40058810,WR/FLEX,3000,NO@SEA 09/21/2025 04:05PM ET,NO,0
WR,Bub Means (40058812),Bub Means,40058812,WR/FLEX,3000,NO@SEA 09/21/2025 04:05PM ET,NO,0
WR,Kevin Austin Jr. (40058814),Kevin Austin Jr.,40058814,WR/FLEX,3000,NO@SEA 09/21/2025 04:05PM ET,NO,0
WR,Tommy Mellott (40058816),Tommy Mellott,40058816,WR/FLEX,3000,NO@SEA 09/21/2025 04:05PM ET,NO,0
WR,Cedrick Wilson Jr. (40058818),Cedrick Wilson Jr.,40058818,WR/FLEX,3000,NO@SEA 09/21/2025 04:05PM ET,NO,0
TE,AJ Barner (40059070),AJ Barner,40059070,TE/FLEX,3000,NO@SEA 09/21/2025 04:05PM ET,SEA,6
WR,Ryan Flournoy (40058774),Ryan Flournoy,40058774,WR/FLEX,3000,DAL@CHI 09/21/2025 04:25PM ET,DAL,0
WR,Jonathan Mingo (40058776),Jonathan Mingo,40058776,WR/FLEX,3000,DAL@CHI 09/21/2025 04:25PM ET,DAL,0
WR,Jalen Brooks (40058778),Jalen Brooks,40058778,WR/FLEX,3000,DAL@CHI 09/21/2025 04:25PM ET,DAL,0
WR,Traeshon Holden (40058780),Traeshon Holden,40058780,WR/FLEX,3000,DAL@CHI 09/21/2025 04:25PM ET,DAL,0
WR,Jalen Cropper (40058782),Jalen Cropper,40058782,WR/FLEX,3000,DAL@CHI 09/21/2025 04:25PM ET,DAL,0
WR,Devin Duvernay (40058784),Devin Duvernay,40058784,WR/FLEX,3000,DAL@CHI 09/21/2025 04:25PM ET,CHI,0
WR,Jahdae Walker (40058786),Jahdae Walker,40058786,WR/FLEX,3000,DAL@CHI 09/21/2025 04:25PM ET,CHI,0
WR,JP Richardson (40058788),JP Richardson,40058788,WR/FLEX,3000,DAL@CHI 09/21/2025 04:25PM ET,CHI,0
WR,Maurice Alexander (40058790),Maurice Alexander,40058790,WR/FLEX,3000,DAL@CHI 09/21/2025 04:25PM ET,CHI,0
WR,Miles Boykin (40058792),Miles Boykin,40058792,WR/FLEX,3000,DAL@CHI 09/21/2025 04:25PM ET,CHI,0
TE,Cole Kmet (40059074),Cole Kmet,40059074,TE/FLEX,3000,DAL@CHI 09/21/2025 04:25PM ET,CHI,4.5
WR,Jordan Watkins (40058744),Jordan Watkins,40058744,WR/FLEX,3000,ARI@SF 09/21/2025 04:25PM ET,SF,0
WR,Skyy Moore (40058746),Skyy Moore,40058746,WR/FLEX,3000,ARI@SF 09/21/2025 04:25PM ET,SF,0
WR,Demarcus Robinson (40058748),Demarcus Robinson,40058748,WR/FLEX,3000,ARI@SF 09/21/2025 04:25PM ET,SF,0
WR,Brandon Aiyuk (40058750),Brandon Aiyuk,40058750,WR/FLEX,3000,ARI@SF 09/21/2025 04:25PM ET,SF,0
WR,Jacob Cowing (40058752),Jacob Cowing,40058752,WR/FLEX,3000,ARI@SF 09/21/2025 04:25PM ET,SF,0
WR,Malik Turner (40058754),Malik Turner,40058754,WR/FLEX,3000,ARI@SF 09/21/2025 04:25PM ET,SF,0
WR,Russell Gage Jr. (40058756),Russell Gage Jr.,40058756,WR/FLEX,3000,ARI@SF 09/21/2025 04:25PM ET,SF,0
WR,Trent Taylor (40058758),Trent Taylor,40058758,WR/FLEX,3000,ARI@SF 09/21/2025 04:25PM ET,SF,0
WR,Junior Bergen (40058760),Junior Bergen,40058760,WR/FLEX,3000,ARI@SF 09/21/2025 04:25PM ET,SF,0
WR,Zay Jones (40058762),Zay Jones,40058762,WR/FLEX,3000,ARI@SF 09/21/2025 04:25PM ET,ARI,0.7
WR,Xavier Weaver (40058764),Xavier Weaver,40058764,WR/FLEX,3000,ARI@SF 09/21/2025 04:25PM ET,ARI,0
WR,Simi Fehoko (40058766),Simi Fehoko,40058766,WR/FLEX,3000,ARI@SF 09/21/2025 04:25PM ET,ARI,0
WR,Trishton Jackson (40058768),Trishton Jackson,40058768,WR/FLEX,3000,ARI@SF 09/21/2025 04:25PM ET,ARI,0
WR,Andre Baccellia (40058770),Andre Baccellia,40058770,WR/FLEX,3000,ARI@SF 09/21/2025 04:25PM ET,ARI,0
WR,Tejhaun Palmer (40058772),Tejhaun Palmer,40058772,WR/FLEX,3000,ARI@SF 09/21/2025 04:25PM ET,ARI,0
TE,Tyler Higbee (40059078),Tyler Higbee,40059078,TE/FLEX,2900,LAR@PHI 09/21/2025 01:00PM ET,LAR,3.85
TE,Will Dissly (40059080),Will Dissly,40059080,TE/FLEX,2900,DEN@LAC 09/21/2025 04:05PM ET,LAC,2.8
DST,Chargers  (40059316),Chargers ,40059316,DST,2900,DEN@LAC 09/21/2025 04:05PM ET,LAC,2
TE,Jake Tonges (40059076),Jake Tonges,40059076,TE/FLEX,2900,ARI@SF 09/21/2025 04:25PM ET,SF,8.8
DST,Cardinals  (40059317),Cardinals ,40059317,DST,2900,ARI@SF 09/21/2025 04:25PM ET,ARI,9
DST,Jaguars  (40059318),Jaguars ,40059318,DST,2800,HOU@JAX 09/21/2025 01:00PM ET,JAX,9.5
TE,Austin Hooper (40059084),Austin Hooper,40059084,TE/FLEX,2800,PIT@NE 09/21/2025 01:00PM ET,NE,4.4
DST,Steelers  (40059319),Steelers ,40059319,DST,2800,PIT@NE 09/21/2025 01:00PM ET,PIT,3.5
TE,Payne Durham (40059086),Payne Durham,40059086,TE/FLEX,2800,NYJ@TB 09/21/2025 01:00PM ET,TB,0
TE,Tyler Conklin (40059082),Tyler Conklin,40059082,TE/FLEX,2800,DEN@LAC 09/21/2025 04:05PM ET,LAC,7.2
TE,Luke Musgrave (40059090),Luke Musgrave,40059090,TE/FLEX,2700,GB@CLE 09/21/2025 01:00PM ET,GB,3.3
DST,Texans  (40059321),Texans ,40059321,DST,2700,HOU@JAX 09/21/2025 01:00PM ET,HOU,6
TE,Grant Calcaterra (40059088),Grant Calcaterra,40059088,TE/FLEX,2700,LAR@PHI 09/21/2025 01:00PM ET,PHI,0.8
TE,Adam Trautman (40059092),Adam Trautman,40059092,TE/FLEX,2700,DEN@LAC 09/21/2025 04:05PM ET,DEN,5.75
DST,Cowboys  (40059320),Cowboys ,40059320,DST,2700,DAL@CHI 09/21/2025 04:25PM ET,DAL,1
DST,Patriots  (40059323),Patriots ,40059323,DST,2600,PIT@NE 09/21/2025 01:00PM ET,NE,10
TE,Davis Allen (40059096),Davis Allen,40059096,TE/FLEX,2600,LAR@PHI 09/21/2025 01:00PM ET,LAR,8.05
TE,Mason Taylor (40059098),Mason Taylor,40059098,TE/FLEX,2600,NYJ@TB 09/21/2025 01:00PM ET,NYJ,2.25
TE,Gunnar Helm (40059094),Gunnar Helm,40059094,TE/FLEX,2600,IND@TEN 09/21/2025 01:00PM ET,TEN,2.75
DST,Bears  (40059322),Bears ,40059322,DST,2600,DAL@CHI 09/21/2025 04:25PM ET,CHI,3.5
TE,Tommy Tremble (40059288),Tommy Tremble,40059288,TE/FLEX,2500,ATL@CAR 09/21/2025 01:00PM ET,CAR,3.1
TE,Mitchell Evans (40059290),Mitchell Evans,40059290,TE/FLEX,2500,ATL@CAR 09/21/2025 01:00PM ET,CAR,0.95
TE,James Mitchell (40059292),James Mitchell,40059292,TE/FLEX,2500,ATL@CAR 09/21/2025 01:00PM ET,CAR,0
TE,Bryce Pierre (40059294),Bryce Pierre,40059294,TE/FLEX,2500,ATL@CAR 09/21/2025 01:00PM ET,CAR,0
TE,Charlie Woerner (40059296),Charlie Woerner,40059296,TE/FLEX,2500,ATL@CAR 09/21/2025 01:00PM ET,ATL,0
TE,Teagan Quitoriano (40059298),Teagan Quitoriano,40059298,TE/FLEX,2500,ATL@CAR 09/21/2025 01:00PM ET,ATL,0
TE,Feleipe Franks (40059300),Feleipe Franks,40059300,TE/FLEX,2500,ATL@CAR 09/21/2025 01:00PM ET,ATL,0
TE,Joshua Simon (40059302),Joshua Simon,40059302,TE/FLEX,2500,ATL@CAR 09/21/2025 01:00PM ET,ATL,0
DST,Panthers  (40059325),Panthers ,40059325,DST,2500,ATL@CAR 09/21/2025 01:00PM ET,CAR,2.5
TE,John FitzPatrick (40059276),John FitzPatrick,40059276,TE/FLEX,2500,GB@CLE 09/21/2025 01:00PM ET,GB,0.6
TE,Ben Sims (40059278),Ben Sims,40059278,TE/FLEX,2500,GB@CLE 09/21/2025 01:00PM ET,GB,0
TE,Josh Whyle (40059280),Josh Whyle,40059280,TE/FLEX,2500,GB@CLE 09/21/2025 01:00PM ET,GB,0
TE,Blake Whiteheart (40059282),Blake Whiteheart,40059282,TE/FLEX,2500,GB@CLE 09/21/2025 01:00PM ET,CLE,0
TE,Brenden Bates (40059284),Brenden Bates,40059284,TE/FLEX,2500,GB@CLE 09/21/2025 01:00PM ET,CLE,0
TE,Sal Cannella (40059286),Sal Cannella,40059286,TE/FLEX,2500,GB@CLE 09/21/2025 01:00PM ET,CLE,0
TE,Cade Stover (40059102),Cade Stover,40059102,TE/FLEX,2500,HOU@JAX 09/21/2025 01:00PM ET,HOU,6.2
TE,Johnny Mundt (40059260),Johnny Mundt,40059260,TE/FLEX,2500,HOU@JAX 09/21/2025 01:00PM ET,JAX,0
TE,Quintin Morris (40059262),Quintin Morris,40059262,TE/FLEX,2500,HOU@JAX 09/21/2025 01:00PM ET,JAX,0
TE,Patrick Herbert (40059264),Patrick Herbert,40059264,TE/FLEX,2500,HOU@JAX 09/21/2025 01:00PM ET,JAX,0
TE,Harrison Bryant (40059266),Harrison Bryant,40059266,TE/FLEX,2500,HOU@JAX 09/21/2025 01:00PM ET,HOU,0
TE,Brevin Jordan (40059268),Brevin Jordan,40059268,TE/FLEX,2500,HOU@JAX 09/21/2025 01:00PM ET,HOU,0
TE,Irv Smith Jr. (40059270),Irv Smith Jr.,40059270,TE/FLEX,2500,HOU@JAX 09/21/2025 01:00PM ET,HOU,0
TE,Luke Lachey (40059272),Luke Lachey,40059272,TE/FLEX,2500,HOU@JAX 09/21/2025 01:00PM ET,HOU,0
TE,Jakob Johnson (40059274),Jakob Johnson,40059274,TE/FLEX,2500,HOU@JAX 09/21/2025 01:00PM ET,HOU,0
TE,Hunter Long (40059304),Hunter Long,40059304,TE/FLEX,2500,HOU@JAX 09/21/2025 01:00PM ET,JAX,3.8
TE,Josh Oliver (40059238),Josh Oliver,40059238,TE/FLEX,2500,CIN@MIN 09/21/2025 01:00PM ET,MIN,0.75
TE,Ben Yurosek (40059240),Ben Yurosek,40059240,TE/FLEX,2500,CIN@MIN 09/21/2025 01:00PM ET,MIN,0
TE,Nick Vannett (40059242),Nick Vannett,40059242,TE/FLEX,2500,CIN@MIN 09/21/2025 01:00PM ET,MIN,0
TE,Gavin Bartholomew (40059244),Gavin Bartholomew,40059244,TE/FLEX,2500,CIN@MIN 09/21/2025 01:00PM ET,MIN,0
TE,Bryson Nesbit (40059246),Bryson Nesbit,40059246,TE/FLEX,2500,CIN@MIN 09/21/2025 01:00PM ET,MIN,0
TE,Andrew DePaola (40059248),Andrew DePaola,40059248,TE/FLEX,2500,CIN@MIN 09/21/2025 01:00PM ET,MIN,0
TE,Drew Sample (40059250),Drew Sample,40059250,TE/FLEX,2500,CIN@MIN 09/21/2025 01:00PM ET,CIN,0.85
TE,Tanner Hudson (40059252),Tanner Hudson,40059252,TE/FLEX,2500,CIN@MIN 09/21/2025 01:00PM ET,CIN,0
TE,Cam Grandy (40059254),Cam Grandy,40059254,TE/FLEX,2500,CIN@MIN 09/21/2025 01:00PM ET,CIN,0
TE,Erick All Jr. (40059256),Erick All Jr.,40059256,TE/FLEX,2500,CIN@MIN 09/21/2025 01:00PM ET,CIN,0
TE,William Wagner (40059258),William Wagner,40059258,TE/FLEX,2500,CIN@MIN 09/21/2025 01:00PM ET,CIN,0
TE,Darnell Washington (40059228),Darnell Washington,40059228,TE/FLEX,2500,PIT@NE 09/21/2025 01:00PM ET,PIT,1
TE,Donald Parham Jr. (40059230),Donald Parham Jr.,40059230,TE/FLEX,2500,PIT@NE 09/21/2025 01:00PM ET,PIT,0
TE,Connor Heyward (40059232),Connor Heyward,40059232,TE/FLEX,2500,PIT@NE 09/21/2025 01:00PM ET,PIT,0.8
TE,JJ Galbreath (40059234),JJ Galbreath,40059234,TE/FLEX,2500,PIT@NE 09/21/2025 01:00PM ET,PIT,0
TE,CJ Dippre (40059236),CJ Dippre,40059236,TE/FLEX,2500,PIT@NE 09/21/2025 01:00PM ET,NE,0
TE,Terrance Ferguson (40059104),Terrance Ferguson,40059104,TE/FLEX,2500,LAR@PHI 09/21/2025 01:00PM ET,LAR,0
TE,Kylen Granson (40059218),Kylen Granson,40059218,TE/FLEX,2500,LAR@PHI 09/21/2025 01:00PM ET,PHI,1.3
TE,Cameron Latu (40059220),Cameron Latu,40059220,TE/FLEX,2500,LAR@PHI 09/21/2025 01:00PM ET,PHI,0
TE,E.J. Jenkins (40059222),E.J. Jenkins,40059222,TE/FLEX,2500,LAR@PHI 09/21/2025 01:00PM ET,PHI,0
TE,Colby Parkinson (40059224),Colby Parkinson,40059224,TE/FLEX,2500,LAR@PHI 09/21/2025 01:00PM ET,LAR,0.4
TE,Mark Redman (40059226),Mark Redman,40059226,TE/FLEX,2500,LAR@PHI 09/21/2025 01:00PM ET,LAR,0
TE,Ko Kieft (40059204),Ko Kieft,40059204,TE/FLEX,2500,NYJ@TB 09/21/2025 01:00PM ET,TB,0
TE,Devin Culp (40059206),Devin Culp,40059206,TE/FLEX,2500,NYJ@TB 09/21/2025 01:00PM ET,TB,0
TE,Tanner Taula (40059208),Tanner Taula,40059208,TE/FLEX,2500,NYJ@TB 09/21/2025 01:00PM ET,TB,0
TE,Evan Deckers (40059210),Evan Deckers,40059210,TE/FLEX,2500,NYJ@TB 09/21/2025 01:00PM ET,TB,0
TE,Jeremy Ruckert (40059212),Jeremy Ruckert,40059212,TE/FLEX,2500,NYJ@TB 09/21/2025 01:00PM ET,NYJ,5.55
TE,Stone Smartt (40059214),Stone Smartt,40059214,TE/FLEX,2500,NYJ@TB 09/21/2025 01:00PM ET,NYJ,0
TE,Jelani Woods (40059216),Jelani Woods,40059216,TE/FLEX,2500,NYJ@TB 09/21/2025 01:00PM ET,NYJ,0
TE,Mo Alie-Cox (40059188),Mo Alie-Cox,40059188,TE/FLEX,2500,IND@TEN 09/21/2025 01:00PM ET,IND,2.4
TE,Drew Ogletree (40059190),Drew Ogletree,40059190,TE/FLEX,2500,IND@TEN 09/21/2025 01:00PM ET,IND,0
TE,Will Mallory (40059192),Will Mallory,40059192,TE/FLEX,2500,IND@TEN 09/21/2025 01:00PM ET,IND,0
TE,Maximilian Mang (40059194),Maximilian Mang,40059194,TE/FLEX,2500,IND@TEN 09/21/2025 01:00PM ET,IND,0
TE,Sean McKeon (40059196),Sean McKeon,40059196,TE/FLEX,2500,IND@TEN 09/21/2025 01:00PM ET,IND,0
TE,David Martin-Robinson (40059198),David Martin-Robinson,40059198,TE/FLEX,2500,IND@TEN 09/21/2025 01:00PM ET,TEN,0
TE,Drake Dabney (40059200),Drake Dabney,40059200,TE/FLEX,2500,IND@TEN 09/21/2025 01:00PM ET,TEN,0
TE,Thomas Odukoya (40059202),Thomas Odukoya,40059202,TE/FLEX,2500,IND@TEN 09/21/2025 01:00PM ET,TEN,0
DST,Titans  (40059324),Titans ,40059324,DST,2500,IND@TEN 09/21/2025 01:00PM ET,TEN,7
TE,John Bates (40059170),John Bates,40059170,TE/FLEX,2500,LV@WAS 09/21/2025 01:00PM ET,WAS,0
TE,Ben Sinnott (40059172),Ben Sinnott,40059172,TE/FLEX,2500,LV@WAS 09/21/2025 01:00PM ET,WAS,0.85
TE,Colson Yankoff (40059174),Colson Yankoff,40059174,TE/FLEX,2500,LV@WAS 09/21/2025 01:00PM ET,WAS,0
TE,Tyree Jackson (40059176),Tyree Jackson,40059176,TE/FLEX,2500,LV@WAS 09/21/2025 01:00PM ET,WAS,0
TE,Tyler Ott (40059178),Tyler Ott,40059178,TE/FLEX,2500,LV@WAS 09/21/2025 01:00PM ET,WAS,0
TE,Lawrence Cager (40059180),Lawrence Cager,40059180,TE/FLEX,2500,LV@WAS 09/21/2025 01:00PM ET,WAS,0
TE,Ian Thomas (40059182),Ian Thomas,40059182,TE/FLEX,2500,LV@WAS 09/21/2025 01:00PM ET,LV,0
TE,Carter Runyon (40059184),Carter Runyon,40059184,TE/FLEX,2500,LV@WAS 09/21/2025 01:00PM ET,LV,0
TE,Albert Okwuegbunam Jr. (40059186),Albert Okwuegbunam Jr.,40059186,TE/FLEX,2500,LV@WAS 09/21/2025 01:00PM ET,LV,0
TE,Oronde Gadsden II (40059154),Oronde Gadsden II,40059154,TE/FLEX,2500,DEN@LAC 09/21/2025 04:05PM ET,LAC,0
TE,Tucker Fisk (40059156),Tucker Fisk,40059156,TE/FLEX,2500,DEN@LAC 09/21/2025 04:05PM ET,LAC,0
TE,Thomas Yassmin (40059158),Thomas Yassmin,40059158,TE/FLEX,2500,DEN@LAC 09/21/2025 04:05PM ET,LAC,0
TE,Nate Adkins (40059160),Nate Adkins,40059160,TE/FLEX,2500,DEN@LAC 09/21/2025 04:05PM ET,DEN,0
TE,Lucas Krull (40059162),Lucas Krull,40059162,TE/FLEX,2500,DEN@LAC 09/21/2025 04:05PM ET,DEN,0.8
TE,Mitchell Fraboni (40059164),Mitchell Fraboni,40059164,TE/FLEX,2500,DEN@LAC 09/21/2025 04:05PM ET,DEN,0
TE,Patrick Murtagh (40059166),Patrick Murtagh,40059166,TE/FLEX,2500,DEN@LAC 09/21/2025 04:05PM ET,DEN,0
TE,Caleb Lohner (40059168),Caleb Lohner,40059168,TE/FLEX,2500,DEN@LAC 09/21/2025 04:05PM ET,DEN,0
TE,Elijah Arroyo (40059100),Elijah Arroyo,40059100,TE/FLEX,2500,NO@SEA 09/21/2025 04:05PM ET,SEA,3.4
TE,Eric Saubert (40059136),Eric Saubert,40059136,TE/FLEX,2500,NO@SEA 09/21/2025 04:05PM ET,SEA,0
TE,Nick Kallerup (40059138),Nick Kallerup,40059138,TE/FLEX,2500,NO@SEA 09/21/2025 04:05PM ET,SEA,0
TE,Jack Stoll (40059140),Jack Stoll,40059140,TE/FLEX,2500,NO@SEA 09/21/2025 04:05PM ET,NO,0
TE,Moliki Matavao (40059142),Moliki Matavao,40059142,TE/FLEX,2500,NO@SEA 09/21/2025 04:05PM ET,NO,0
TE,Taysom Hill (40059144),Taysom Hill,40059144,TE/FLEX,2500,NO@SEA 09/21/2025 04:05PM ET,NO,0
TE,Foster Moreau (40059146),Foster Moreau,40059146,TE/FLEX,2500,NO@SEA 09/21/2025 04:05PM ET,NO,0
TE,Mason Pline (40059148),Mason Pline,40059148,TE/FLEX,2500,NO@SEA 09/21/2025 04:05PM ET,NO,0
TE,Zach Wood (40059150),Zach Wood,40059150,TE/FLEX,2500,NO@SEA 09/21/2025 04:05PM ET,NO,0
TE,Treyton Welch (40059152),Treyton Welch,40059152,TE/FLEX,2500,NO@SEA 09/21/2025 04:05PM ET,NO,0
TE,Luke Schoonmaker (40059120),Luke Schoonmaker,40059120,TE/FLEX,2500,DAL@CHI 09/21/2025 04:25PM ET,DAL,0
TE,Brevyn Spann-Ford (40059122),Brevyn Spann-Ford,40059122,TE/FLEX,2500,DAL@CHI 09/21/2025 04:25PM ET,DAL,0.65
TE,John Stephens Jr. (40059124),John Stephens Jr.,40059124,TE/FLEX,2500,DAL@CHI 09/21/2025 04:25PM ET,DAL,0
TE,Rivaldo Fairweather (40059126),Rivaldo Fairweather,40059126,TE/FLEX,2500,DAL@CHI 09/21/2025 04:25PM ET,DAL,0
TE,Princeton Fant (40059128),Princeton Fant,40059128,TE/FLEX,2500,DAL@CHI 09/21/2025 04:25PM ET,DAL,0
TE,Durham Smythe (40059130),Durham Smythe,40059130,TE/FLEX,2500,DAL@CHI 09/21/2025 04:25PM ET,CHI,0
TE,Stephen Carlson (40059132),Stephen Carlson,40059132,TE/FLEX,2500,DAL@CHI 09/21/2025 04:25PM ET,CHI,0
TE,Nikola Kalinic (40059134),Nikola Kalinic,40059134,TE/FLEX,2500,DAL@CHI 09/21/2025 04:25PM ET,CHI,0
TE,George Kittle (40059106),George Kittle,40059106,TE/FLEX,2500,ARI@SF 09/21/2025 04:25PM ET,SF,12.5
TE,Brayden Willis (40059108),Brayden Willis,40059108,TE/FLEX,2500,ARI@SF 09/21/2025 04:25PM ET,SF,0
TE,Messiah Swinson (40059110),Messiah Swinson,40059110,TE/FLEX,2500,ARI@SF 09/21/2025 04:25PM ET,SF,0
TE,Tip Reiman (40059112),Tip Reiman,40059112,TE/FLEX,2500,ARI@SF 09/21/2025 04:25PM ET,ARI,2
TE,Elijah Higgins (40059114),Elijah Higgins,40059114,TE/FLEX,2500,ARI@SF 09/21/2025 04:25PM ET,ARI,3.9
TE,Travis Vokolek (40059116),Travis Vokolek,40059116,TE/FLEX,2500,ARI@SF 09/21/2025 04:25PM ET,ARI,0
TE,Josiah Deguara (40059118),Josiah Deguara,40059118,TE/FLEX,2500,ARI@SF 09/21/2025 04:25PM ET,ARI,0
DST,Bengals  (40059327),Bengals ,40059327,DST,2400,CIN@MIN 09/21/2025 01:00PM ET,CIN,6
DST,Rams  (40059326),Rams ,40059326,DST,2400,LAR@PHI 09/21/2025 01:00PM ET,LAR,9.5
DST,Raiders  (40059328),Raiders ,40059328,DST,2300,LV@WAS 09/21/2025 01:00PM ET,LV,10
DST,Saints  (40059329),Saints ,40059329,DST,2300,NO@SEA 09/21/2025 04:05PM ET,NO,6.5
DST,Browns  (40059331),Browns ,40059331,DST,2200,GB@CLE 09/21/2025 01:00PM ET,CLE,1.5
DST,Jets  (40059330),Jets ,40059330,DST,2200,NYJ@TB 09/21/2025 01:00PM ET,NYJ,1.5
